"county","state","geo_id","current_smokers"
"Autauga","AL","01001",18
"Baldwin","AL","01003",16.1
"Barbour","AL","01005",24.8
"Bibb","AL","01007",22.4
"Blount","AL","01009",21
"Bullock","AL","01011",25.1
"Butler","AL","01013",20.9
"Calhoun","AL","01015",20
"Chambers","AL","01017",20.6
"Cherokee","AL","01019",21.1
"Chilton","AL","01021",21.5
"Choctaw","AL","01023",20.2
"Clarke","AL","01025",21.8
"Clay","AL","01027",21.9
"Cleburne","AL","01029",21.1
"Coffee","AL","01031",19
"Colbert","AL","01033",19.7
"Conecuh","AL","01035",22
"Coosa","AL","01037",20.3
"Covington","AL","01039",20.1
"Crenshaw","AL","01041",21.1
"Cullman","AL","01043",20.1
"Dale","AL","01045",19.7
"Dallas","AL","01047",21.8
"DeKalb","AL","01049",22.2
"Elmore","AL","01051",18.3
"Escambia","AL","01053",23.5
"Etowah","AL","01055",19.7
"Fayette","AL","01057",22.3
"Franklin","AL","01059",22
"Geneva","AL","01061",22.7
"Greene","AL","01063",24.5
"Hale","AL","01065",22.3
"Henry","AL","01067",19.6
"Houston","AL","01069",19.7
"Jackson","AL","01071",21
"Jefferson","AL","01073",15.6
"Lamar","AL","01075",20.7
"Lauderdale","AL","01077",17.4
"Lawrence","AL","01079",21.9
"Lee","AL","01081",15.7
"Limestone","AL","01083",18.4
"Lowndes","AL","01085",22.7
"Macon","AL","01087",18.6
"Madison","AL","01089",15.3
"Marengo","AL","01091",19.8
"Marion","AL","01093",21.5
"Marshall","AL","01095",20.3
"Mobile","AL","01097",19.7
"Monroe","AL","01099",21.7
"Montgomery","AL","01101",16.7
"Morgan","AL","01103",20
"Perry","AL","01105",24.4
"Pickens","AL","01107",22.4
"Pike","AL","01109",17.5
"Randolph","AL","01111",19.8
"Russell","AL","01113",21.3
"St. Clair","AL","01115",20
"Shelby","AL","01117",13.5
"Sumter","AL","01119",19.9
"Talladega","AL","01121",21.5
"Tallapoosa","AL","01123",20.1
"Tuscaloosa","AL","01125",17
"Walker","AL","01127",21.7
"Washington","AL","01129",21.4
"Wilcox","AL","01131",23.5
"Winston","AL","01133",22.3
"Aleutians East","AK","02013",18.5
"Aleutians West","AK","02016",16.7
"Anchorage","AK","02020",15.7
"Bethel","AK","02050",34
"Bristol Bay","AK","02060",17.8
"Denali","AK","02068",17.4
"Dillingham","AK","02070",28.4
"Fairbanks North Star","AK","02090",15.7
"Haines","AK","02100",17.1
"Hoonah-Angoon","AK","02105",20.5
"Juneau","AK","02110",14.8
"Kenai Peninsula","AK","02122",18.5
"Ketchikan Gateway","AK","02130",16.8
"Kodiak Island","AK","02150",16.4
"Lake and Peninsula","AK","02164",25.1
"Matanuska-Susitna","AK","02170",18.8
"Nome","AK","02180",30.3
"North Slope","AK","02185",24.8
"Northwest Arctic","AK","02188",31.6
"Petersburg","AK","02195",17.1
"Prince of Wales-Hyder","AK","02198",23.7
"Sitka","AK","02220",15.4
"Skagway","AK","02230",18.3
"Southeast Fairbanks","AK","02240",18.7
"Valdez-Cordova","AK","02261",NA
"Wade Hampton","AK","02270",NA
"Wrangell","AK","02275",18.8
"Yakutat","AK","02282",21
"Yukon-Koyukuk","AK","02290",28.6
"Apache","AZ","04001",25.1
"Cochise","AZ","04003",16.1
"Coconino","AZ","04005",16.1
"Gila","AZ","04007",20.6
"Graham","AZ","04009",18.8
"Greenlee","AZ","04011",16.3
"La Paz","AZ","04012",17.3
"Maricopa","AZ","04013",14.2
"Mohave","AZ","04015",18.7
"Navajo","AZ","04017",22.2
"Pima","AZ","04019",14.6
"Pinal","AZ","04021",17.9
"Santa Cruz","AZ","04023",14.2
"Yavapai","AZ","04025",15.3
"Yuma","AZ","04027",15.1
"Arkansas","AR","05001",21.3
"Ashley","AR","05003",23.6
"Baxter","AR","05005",19.3
"Benton","AR","05007",16.2
"Boone","AR","05009",20.7
"Bradley","AR","05011",21.4
"Calhoun","AR","05013",21.3
"Carroll","AR","05015",19.1
"Chicot","AR","05017",24.8
"Clark","AR","05019",18.3
"Clay","AR","05021",22.8
"Cleburne","AR","05023",20.1
"Cleveland","AR","05025",22.2
"Columbia","AR","05027",20.6
"Conway","AR","05029",23
"Craighead","AR","05031",20
"Crawford","AR","05033",22.6
"Crittenden","AR","05035",21.8
"Cross","AR","05037",22.8
"Dallas","AR","05039",20.8
"Desha","AR","05041",24.5
"Drew","AR","05043",20.9
"Faulkner","AR","05045",19.1
"Franklin","AR","05047",23.4
"Fulton","AR","05049",23.4
"Garland","AR","05051",19
"Grant","AR","05053",19.5
"Greene","AR","05055",22.2
"Hempstead","AR","05057",21.8
"Hot Spring","AR","05059",22
"Howard","AR","05061",21.5
"Independence","AR","05063",20.6
"Izard","AR","05065",22.1
"Jackson","AR","05067",25.3
"Jefferson","AR","05069",21.4
"Johnson","AR","05071",23.2
"Lafayette","AR","05073",24
"Lawrence","AR","05075",22.2
"Lee","AR","05077",26.3
"Lincoln","AR","05079",24.7
"Little River","AR","05081",20.2
"Logan","AR","05083",22.5
"Lonoke","AR","05085",20.6
"Madison","AR","05087",24.2
"Marion","AR","05089",21.2
"Miller","AR","05091",21.7
"Mississippi","AR","05093",23.5
"Monroe","AR","05095",23.4
"Montgomery","AR","05097",21.3
"Nevada","AR","05099",21.2
"Newton","AR","05101",19.8
"Ouachita","AR","05103",23
"Perry","AR","05105",21.1
"Phillips","AR","05107",23.1
"Pike","AR","05109",21.1
"Poinsett","AR","05111",24.9
"Polk","AR","05113",22.3
"Pope","AR","05115",20.6
"Prairie","AR","05117",20.3
"Pulaski","AR","05119",17.8
"Randolph","AR","05121",23.9
"St. Francis","AR","05123",25.7
"Saline","AR","05125",17.1
"Scott","AR","05127",23.1
"Searcy","AR","05129",24.8
"Sebastian","AR","05131",20.6
"Sevier","AR","05133",21.4
"Sharp","AR","05135",22.8
"Stone","AR","05137",24
"Union","AR","05139",20.3
"Van Buren","AR","05141",22
"Washington","AR","05143",18.1
"White","AR","05145",20.6
"Woodruff","AR","05147",22.8
"Yell","AR","05149",22.5
"Alameda","CA","06001",10
"Alpine","CA","06003",12.3
"Amador","CA","06005",13.4
"Butte","CA","06007",14
"Calaveras","CA","06009",13.3
"Colusa","CA","06011",13.8
"Contra Costa","CA","06013",9.9
"Del Norte","CA","06015",17.2
"El Dorado","CA","06017",11.3
"Fresno","CA","06019",14
"Glenn","CA","06021",15.2
"Humboldt","CA","06023",14.7
"Imperial","CA","06025",13.6
"Inyo","CA","06027",12.9
"Kern","CA","06029",15
"Kings","CA","06031",15
"Lake","CA","06033",15.9
"Lassen","CA","06035",17
"Los Angeles","CA","06037",10.4
"Madera","CA","06039",15.2
"Marin","CA","06041",8.2
"Mariposa","CA","06043",13.1
"Mendocino","CA","06045",14.2
"Merced","CA","06047",14.7
"Modoc","CA","06049",15.2
"Mono","CA","06051",12.5
"Monterey","CA","06053",12.1
"Napa","CA","06055",10.6
"Nevada","CA","06057",11.1
"Orange","CA","06059",10.3
"Placer","CA","06061",9.9
"Plumas","CA","06063",12.5
"Riverside","CA","06065",12.7
"Sacramento","CA","06067",12.6
"San Benito","CA","06069",11.8
"San Bernardino","CA","06071",13.5
"San Diego","CA","06073",10.7
"San Francisco","CA","06075",9.2
"San Joaquin","CA","06077",13.7
"San Luis Obispo","CA","06079",10.4
"San Mateo","CA","06081",8.6
"Santa Barbara","CA","06083",10.7
"Santa Clara","CA","06085",8.4
"Santa Cruz","CA","06087",10.5
"Shasta","CA","06089",14.6
"Sierra","CA","06091",12.9
"Siskiyou","CA","06093",14.7
"Solano","CA","06095",11.6
"Sonoma","CA","06097",11.4
"Stanislaus","CA","06099",14.2
"Sutter","CA","06101",13.9
"Tehama","CA","06103",15.7
"Trinity","CA","06105",16.2
"Tulare","CA","06107",15.4
"Tuolumne","CA","06109",12.8
"Ventura","CA","06111",10.8
"Yolo","CA","06113",11
"Yuba","CA","06115",15.2
"Adams","CO","08001",14.7
"Alamosa","CO","08003",15.8
"Arapahoe","CO","08005",13.3
"Archuleta","CO","08007",13.2
"Baca","CO","08009",17.7
"Bent","CO","08011",20.2
"Boulder","CO","08013",10.7
"Broomfield","CO","08014",10.8
"Chaffee","CO","08015",14.4
"Cheyenne","CO","08017",15.1
"Clear Creek","CO","08019",12.5
"Conejos","CO","08021",15.5
"Costilla","CO","08023",15.6
"Crowley","CO","08025",21.9
"Custer","CO","08027",13
"Delta","CO","08029",17.9
"Denver","CO","08031",14.2
"Dolores","CO","08033",14.1
"Douglas","CO","08035",9.4
"Eagle","CO","08037",12
"Elbert","CO","08039",13.7
"El Paso","CO","08041",14.7
"Fremont","CO","08043",18.2
"Garfield","CO","08045",15.2
"Gilpin","CO","08047",12.7
"Grand","CO","08049",13.9
"Gunnison","CO","08051",12
"Hinsdale","CO","08053",12.2
"Huerfano","CO","08055",13.7
"Jackson","CO","08057",15.1
"Jefferson","CO","08059",11.8
"Kiowa","CO","08061",16.6
"Kit Carson","CO","08063",17.1
"Lake","CO","08065",14.2
"La Plata","CO","08067",13.5
"Larimer","CO","08069",12.2
"Las Animas","CO","08071",15.5
"Lincoln","CO","08073",19.2
"Logan","CO","08075",18
"Mesa","CO","08077",15.6
"Mineral","CO","08079",11
"Moffat","CO","08081",18.2
"Montezuma","CO","08083",17.2
"Montrose","CO","08085",15.5
"Morgan","CO","08087",17.1
"Otero","CO","08089",17.2
"Ouray","CO","08091",11
"Park","CO","08093",14.5
"Phillips","CO","08095",15.8
"Pitkin","CO","08097",10.3
"Prowers","CO","08099",17.6
"Pueblo","CO","08101",16.8
"Rio Blanco","CO","08103",16.7
"Rio Grande","CO","08105",14.9
"Routt","CO","08107",12.6
"Saguache","CO","08109",16.7
"San Juan","CO","08111",15.7
"San Miguel","CO","08113",12.4
"Sedgwick","CO","08115",16.4
"Summit","CO","08117",12.9
"Teller","CO","08119",14.1
"Washington","CO","08121",16.6
"Weld","CO","08123",14
"Yuma","CO","08125",16.5
"Fairfield","CT","09001",10.2
"Hartford","CT","09003",14.5
"Litchfield","CT","09005",14.7
"Middlesex","CT","09007",13.4
"New Haven","CT","09009",14.8
"New London","CT","09011",14.6
"Tolland","CT","09013",12.1
"Windham","CT","09015",17.1
"Kent","DE","10001",19.1
"New Castle","DE","10003",14.5
"Sussex","DE","10005",14.9
"District of Columbia","DC","11001",12.5
"Alachua","FL","12001",14.8
"Baker","FL","12003",24.7
"Bay","FL","12005",20.2
"Bradford","FL","12007",25.4
"Brevard","FL","12009",15.6
"Broward","FL","12011",15.5
"Calhoun","FL","12013",24.8
"Charlotte","FL","12015",16.3
"Citrus","FL","12017",19.9
"Clay","FL","12019",19.3
"Collier","FL","12021",13.4
"Columbia","FL","12023",22.4
"DeSoto","FL","12027",23.2
"Dixie","FL","12029",25
"Duval","FL","12031",18.4
"Escambia","FL","12033",18.6
"Flagler","FL","12035",17.2
"Franklin","FL","12037",22.4
"Gadsden","FL","12039",22.2
"Gilchrist","FL","12041",22.4
"Glades","FL","12043",22.7
"Gulf","FL","12045",19.7
"Hamilton","FL","12047",27.9
"Hardee","FL","12049",23.2
"Hendry","FL","12051",23.7
"Hernando","FL","12053",19.6
"Highlands","FL","12055",18
"Hillsborough","FL","12057",16.1
"Holmes","FL","12059",25.8
"Indian River","FL","12061",16.8
"Jackson","FL","12063",23.4
"Jefferson","FL","12065",21.6
"Lafayette","FL","12067",26.2
"Lake","FL","12069",17.2
"Lee","FL","12071",15.6
"Leon","FL","12073",15.9
"Levy","FL","12075",22.9
"Liberty","FL","12077",25.2
"Madison","FL","12079",26.3
"Manatee","FL","12081",16
"Marion","FL","12083",18.6
"Martin","FL","12085",15
"Miami-Dade","FL","12086",14.6
"Monroe","FL","12087",15.7
"Nassau","FL","12089",16.9
"Okaloosa","FL","12091",17.4
"Okeechobee","FL","12093",22.7
"Orange","FL","12095",15.9
"Osceola","FL","12097",17.1
"Palm Beach","FL","12099",15
"Pasco","FL","12101",20.3
"Pinellas","FL","12103",17.3
"Polk","FL","12105",18.6
"Putnam","FL","12107",25.2
"St. Johns","FL","12109",14.2
"St. Lucie","FL","12111",17.8
"Santa Rosa","FL","12113",20.1
"Sarasota","FL","12115",13.3
"Seminole","FL","12117",14.1
"Sumter","FL","12119",13.1
"Suwannee","FL","12121",22.8
"Taylor","FL","12123",24.8
"Union","FL","12125",26.2
"Volusia","FL","12127",18.4
"Wakulla","FL","12129",21.2
"Walton","FL","12131",18.5
"Washington","FL","12133",27.3
"Appling","GA","13001",23.8
"Atkinson","GA","13003",25.3
"Bacon","GA","13005",24.4
"Baker","GA","13007",21
"Baldwin","GA","13009",18.5
"Banks","GA","13011",21.6
"Barrow","GA","13013",19.2
"Bartow","GA","13015",20.1
"Ben Hill","GA","13017",24.4
"Berrien","GA","13019",23.6
"Bibb","GA","13021",19.5
"Bleckley","GA","13023",19.7
"Brantley","GA","13025",25
"Brooks","GA","13027",21.9
"Bryan","GA","13029",16.3
"Bulloch","GA","13031",18.1
"Burke","GA","13033",22.1
"Butts","GA","13035",23
"Calhoun","GA","13037",25.6
"Camden","GA","13039",18.2
"Candler","GA","13043",23.4
"Carroll","GA","13045",19.4
"Catoosa","GA","13047",18.1
"Charlton","GA","13049",24.7
"Chatham","GA","13051",15.8
"Chattahoochee","GA","13053",18.2
"Chattooga","GA","13055",25.5
"Cherokee","GA","13057",14.6
"Clarke","GA","13059",16.5
"Clay","GA","13061",22.1
"Clayton","GA","13063",18.9
"Clinch","GA","13065",27.7
"Cobb","GA","13067",13.1
"Coffee","GA","13069",24.1
"Colquitt","GA","13071",23.8
"Columbia","GA","13073",14.1
"Cook","GA","13075",23
"Coweta","GA","13077",15.2
"Crawford","GA","13079",21.7
"Crisp","GA","13081",24.2
"Dade","GA","13083",19.8
"Dawson","GA","13085",15.8
"Decatur","GA","13087",22.1
"DeKalb","GA","13089",14
"Dodge","GA","13091",22
"Dooly","GA","13093",21.1
"Dougherty","GA","13095",20.6
"Douglas","GA","13097",17.2
"Early","GA","13099",23.7
"Echols","GA","13101",22.6
"Effingham","GA","13103",18.2
"Elbert","GA","13105",22.8
"Emanuel","GA","13107",24.1
"Evans","GA","13109",23
"Fannin","GA","13111",18.2
"Fayette","GA","13113",12.3
"Floyd","GA","13115",19.8
"Forsyth","GA","13117",11.4
"Franklin","GA","13119",20.4
"Fulton","GA","13121",13.1
"Gilmer","GA","13123",18.9
"Glascock","GA","13125",22.6
"Glynn","GA","13127",17.4
"Gordon","GA","13129",20.9
"Grady","GA","13131",20.5
"Greene","GA","13133",16.4
"Gwinnett","GA","13135",13.9
"Habersham","GA","13137",18.9
"Hall","GA","13139",17.8
"Hancock","GA","13141",24.6
"Haralson","GA","13143",20.5
"Harris","GA","13145",14.5
"Hart","GA","13147",19.2
"Heard","GA","13149",22.6
"Henry","GA","13151",16.5
"Houston","GA","13153",16.9
"Irwin","GA","13155",22.5
"Jackson","GA","13157",18.2
"Jasper","GA","13159",21.6
"Jeff Davis","GA","13161",23.9
"Jefferson","GA","13163",22.8
"Jenkins","GA","13165",28
"Johnson","GA","13167",25.8
"Jones","GA","13169",18.8
"Lamar","GA","13171",19.7
"Lanier","GA","13173",23.8
"Laurens","GA","13175",21.7
"Lee","GA","13177",17
"Liberty","GA","13179",19.4
"Lincoln","GA","13181",20.2
"Long","GA","13183",23.7
"Lowndes","GA","13185",17.8
"Lumpkin","GA","13187",17
"McDuffie","GA","13189",21.3
"McIntosh","GA","13191",18.7
"Macon","GA","13193",25.5
"Madison","GA","13195",21.6
"Marion","GA","13197",20.4
"Meriwether","GA","13199",21.6
"Miller","GA","13201",19.7
"Mitchell","GA","13205",24.4
"Monroe","GA","13207",18
"Montgomery","GA","13209",20.9
"Morgan","GA","13211",16.2
"Murray","GA","13213",22.8
"Muscogee","GA","13215",19.8
"Newton","GA","13217",18.8
"Oconee","GA","13219",12.1
"Oglethorpe","GA","13221",20.2
"Paulding","GA","13223",17.3
"Peach","GA","13225",18.9
"Pickens","GA","13227",17.4
"Pierce","GA","13229",22.3
"Pike","GA","13231",18.6
"Polk","GA","13233",21.3
"Pulaski","GA","13235",21.3
"Putnam","GA","13237",18.8
"Quitman","GA","13239",19.8
"Rabun","GA","13241",18.4
"Randolph","GA","13243",24.4
"Richmond","GA","13245",20.6
"Rockdale","GA","13247",17.2
"Schley","GA","13249",20.1
"Screven","GA","13251",21.3
"Seminole","GA","13253",21.2
"Spalding","GA","13255",21.3
"Stephens","GA","13257",19.5
"Stewart","GA","13259",21.9
"Sumter","GA","13261",19.5
"Talbot","GA","13263",21.5
"Taliaferro","GA","13265",23
"Tattnall","GA","13267",23
"Taylor","GA","13269",24.3
"Telfair","GA","13271",25
"Terrell","GA","13273",24.4
"Thomas","GA","13275",19.2
"Tift","GA","13277",19.8
"Toombs","GA","13279",21.5
"Towns","GA","13281",13.7
"Treutlen","GA","13283",24.5
"Troup","GA","13285",21.2
"Turner","GA","13287",23.3
"Twiggs","GA","13289",20.4
"Union","GA","13291",16.9
"Upson","GA","13293",21
"Walker","GA","13295",20.3
"Walton","GA","13297",18.5
"Ware","GA","13299",23.1
"Warren","GA","13301",23.6
"Washington","GA","13303",22.6
"Wayne","GA","13305",22.6
"Webster","GA","13307",20.4
"Wheeler","GA","13309",27.3
"White","GA","13311",17.7
"Whitfield","GA","13313",19.7
"Wilcox","GA","13315",23.5
"Wilkes","GA","13317",21.9
"Wilkinson","GA","13319",22.3
"Worth","GA","13321",21.2
"Hawaii","HI","15001",15.5
"Honolulu","HI","15003",11.4
"Kalawao","HI","15005",9.4
"Kauai","HI","15007",12.7
"Maui","HI","15009",13.6
"Ada","ID","16001",13.1
"Adams","ID","16003",15.8
"Bannock","ID","16005",17.8
"Bear Lake","ID","16007",16.6
"Benewah","ID","16009",18.3
"Bingham","ID","16011",17
"Blaine","ID","16013",13
"Boise","ID","16015",15.1
"Bonner","ID","16017",15.8
"Bonneville","ID","16019",15.2
"Boundary","ID","16021",17.2
"Butte","ID","16023",17.5
"Camas","ID","16025",18.4
"Canyon","ID","16027",16.7
"Caribou","ID","16029",16.6
"Cassia","ID","16031",15.7
"Clark","ID","16033",17.9
"Clearwater","ID","16035",16.8
"Custer","ID","16037",15.5
"Elmore","ID","16039",17.6
"Franklin","ID","16041",16
"Fremont","ID","16043",16.3
"Gem","ID","16045",17.2
"Gooding","ID","16047",17
"Idaho","ID","16049",15.8
"Jefferson","ID","16051",14.9
"Jerome","ID","16053",18
"Kootenai","ID","16055",15.1
"Latah","ID","16057",13
"Lemhi","ID","16059",15.9
"Lewis","ID","16061",17.3
"Lincoln","ID","16063",18.3
"Madison","ID","16065",13.3
"Minidoka","ID","16067",16.9
"Nez Perce","ID","16069",15.2
"Oneida","ID","16071",15.2
"Owyhee","ID","16073",18.8
"Payette","ID","16075",16.8
"Power","ID","16077",16.7
"Shoshone","ID","16079",19.9
"Teton","ID","16081",13.6
"Twin Falls","ID","16083",16.6
"Valley","ID","16085",14.7
"Washington","ID","16087",16.7
"Adams","IL","17001",17.6
"Alexander","IL","17003",23
"Bond","IL","17005",19.2
"Boone","IL","17007",16.1
"Brown","IL","17009",21.4
"Bureau","IL","17011",17.7
"Calhoun","IL","17013",17.1
"Carroll","IL","17015",17.2
"Cass","IL","17017",19.8
"Champaign","IL","17019",14
"Christian","IL","17021",19.8
"Clark","IL","17023",18
"Clay","IL","17025",20.3
"Clinton","IL","17027",18.1
"Coles","IL","17029",18.3
"Cook","IL","17031",13.3
"Crawford","IL","17033",19.5
"Cumberland","IL","17035",18.6
"DeKalb","IL","17037",15.7
"De Witt","IL","17039",18.9
"Douglas","IL","17041",19.6
"DuPage","IL","17043",11.9
"Edgar","IL","17045",18.4
"Edwards","IL","17047",18.8
"Effingham","IL","17049",17.4
"Fayette","IL","17051",21.3
"Ford","IL","17053",18.8
"Franklin","IL","17055",21
"Fulton","IL","17057",19.1
"Gallatin","IL","17059",21.8
"Greene","IL","17061",19.9
"Grundy","IL","17063",16.2
"Hamilton","IL","17065",19
"Hancock","IL","17067",17.8
"Hardin","IL","17069",19.9
"Henderson","IL","17071",17.5
"Henry","IL","17073",16.9
"Iroquois","IL","17075",19.4
"Jackson","IL","17077",16.6
"Jasper","IL","17079",18.1
"Jefferson","IL","17081",19.7
"Jersey","IL","17083",16.7
"Jo Daviess","IL","17085",15.6
"Johnson","IL","17087",19.6
"Kane","IL","17089",14
"Kankakee","IL","17091",18.1
"Kendall","IL","17093",14
"Knox","IL","17095",19.5
"Lake","IL","17097",13.3
"LaSalle","IL","17099",18.8
"Lawrence","IL","17101",21.2
"Lee","IL","17103",18.3
"Livingston","IL","17105",19.1
"Logan","IL","17107",18.1
"McDonough","IL","17109",16.3
"McHenry","IL","17111",14.3
"McLean","IL","17113",14.4
"Macon","IL","17115",18.7
"Macoupin","IL","17117",19.3
"Madison","IL","17119",17.5
"Marion","IL","17121",20.6
"Marshall","IL","17123",17.8
"Mason","IL","17125",19.7
"Massac","IL","17127",20
"Menard","IL","17129",16.7
"Mercer","IL","17131",18.4
"Monroe","IL","17133",14.1
"Montgomery","IL","17135",20
"Morgan","IL","17137",19.6
"Moultrie","IL","17139",18.8
"Ogle","IL","17141",17.3
"Peoria","IL","17143",16.9
"Perry","IL","17145",21.7
"Piatt","IL","17147",15.4
"Pike","IL","17149",20.5
"Pope","IL","17151",20.3
"Pulaski","IL","17153",21.8
"Putnam","IL","17155",16.8
"Randolph","IL","17157",21.4
"Richland","IL","17159",18
"Rock Island","IL","17161",17.2
"St. Clair","IL","17163",16.8
"Saline","IL","17165",20.4
"Sangamon","IL","17167",16.5
"Schuyler","IL","17169",19.2
"Scott","IL","17171",18.2
"Shelby","IL","17173",18.2
"Stark","IL","17175",19
"Stephenson","IL","17177",17.9
"Tazewell","IL","17179",17.1
"Union","IL","17181",19.5
"Vermilion","IL","17183",20.9
"Wabash","IL","17185",18.4
"Warren","IL","17187",17.1
"Washington","IL","17189",17.1
"Wayne","IL","17191",19.9
"White","IL","17193",20.1
"Whiteside","IL","17195",17.1
"Will","IL","17197",14.1
"Williamson","IL","17199",18
"Winnebago","IL","17201",18.8
"Woodford","IL","17203",15
"Adams","IN","18001",23.5
"Allen","IN","18003",20
"Bartholomew","IN","18005",18.4
"Benton","IN","18007",22.6
"Blackford","IN","18009",22.8
"Boone","IN","18011",14.3
"Brown","IN","18013",18
"Carroll","IN","18015",20.8
"Cass","IN","18017",22.2
"Clark","IN","18019",20.4
"Clay","IN","18021",21.4
"Clinton","IN","18023",21.2
"Crawford","IN","18025",26.1
"Daviess","IN","18027",24.1
"Dearborn","IN","18029",19.7
"Decatur","IN","18031",20
"DeKalb","IN","18033",20.6
"Delaware","IN","18035",19.9
"Dubois","IN","18037",18.1
"Elkhart","IN","18039",20.4
"Fayette","IN","18041",24.4
"Floyd","IN","18043",18
"Fountain","IN","18045",21.6
"Franklin","IN","18047",20.3
"Fulton","IN","18049",22
"Gibson","IN","18051",20.5
"Grant","IN","18053",21
"Greene","IN","18055",21.8
"Hamilton","IN","18057",11.4
"Hancock","IN","18059",18.8
"Harrison","IN","18061",21
"Hendricks","IN","18063",16.5
"Henry","IN","18065",22
"Howard","IN","18067",20.5
"Huntington","IN","18069",20.8
"Jackson","IN","18071",21.7
"Jasper","IN","18073",20.8
"Jay","IN","18075",23.4
"Jefferson","IN","18077",22.4
"Jennings","IN","18079",22
"Johnson","IN","18081",18
"Knox","IN","18083",21.1
"Kosciusko","IN","18085",19.4
"LaGrange","IN","18087",24.4
"Lake","IN","18089",19.7
"LaPorte","IN","18091",22.4
"Lawrence","IN","18093",21
"Madison","IN","18095",22.7
"Marion","IN","18097",21.4
"Marshall","IN","18099",20.6
"Martin","IN","18101",21.7
"Miami","IN","18103",23.4
"Monroe","IN","18105",16.3
"Montgomery","IN","18107",20.9
"Morgan","IN","18109",20.4
"Newton","IN","18111",22.2
"Noble","IN","18113",20.6
"Ohio","IN","18115",20.5
"Orange","IN","18117",22.7
"Owen","IN","18119",23.3
"Parke","IN","18121",24.3
"Perry","IN","18123",21.6
"Pike","IN","18125",21
"Porter","IN","18127",17
"Posey","IN","18129",19.2
"Pulaski","IN","18131",21.8
"Putnam","IN","18133",20.4
"Randolph","IN","18135",21.4
"Ripley","IN","18137",20.5
"Rush","IN","18139",22.8
"St. Joseph","IN","18141",18.4
"Scott","IN","18143",25.7
"Shelby","IN","18145",21.7
"Spencer","IN","18147",20.8
"Starke","IN","18149",24.4
"Steuben","IN","18151",19.4
"Sullivan","IN","18153",24.4
"Switzerland","IN","18155",26.8
"Tippecanoe","IN","18157",16.3
"Tipton","IN","18159",18.7
"Union","IN","18161",20.5
"Vanderburgh","IN","18163",20.3
"Vermillion","IN","18165",22.4
"Vigo","IN","18167",21.8
"Wabash","IN","18169",20.3
"Warren","IN","18171",19.2
"Warrick","IN","18173",17
"Washington","IN","18175",23.9
"Wayne","IN","18177",21.4
"Wells","IN","18179",20.6
"White","IN","18181",19.9
"Whitley","IN","18183",19.5
"Adair","IA","19001",16.8
"Adams","IA","19003",17.6
"Allamakee","IA","19005",17.1
"Appanoose","IA","19007",20.2
"Audubon","IA","19009",16.9
"Benton","IA","19011",17.1
"Black Hawk","IA","19013",16.4
"Boone","IA","19015",16.4
"Bremer","IA","19017",13.8
"Buchanan","IA","19019",16.7
"Buena Vista","IA","19021",17.7
"Butler","IA","19023",16.7
"Calhoun","IA","19025",16.7
"Carroll","IA","19027",16.8
"Cass","IA","19029",17.2
"Cedar","IA","19031",17.1
"Cerro Gordo","IA","19033",16.3
"Cherokee","IA","19035",16.2
"Chickasaw","IA","19037",17
"Clarke","IA","19039",20
"Clay","IA","19041",15.6
"Clayton","IA","19043",18.2
"Clinton","IA","19045",18.7
"Crawford","IA","19047",18.1
"Dallas","IA","19049",12.7
"Davis","IA","19051",18.9
"Decatur","IA","19053",16.8
"Delaware","IA","19055",16.6
"Des Moines","IA","19057",18.9
"Dickinson","IA","19059",14.4
"Dubuque","IA","19061",14.5
"Emmet","IA","19063",15.9
"Fayette","IA","19065",17.7
"Floyd","IA","19067",16.4
"Franklin","IA","19069",17.6
"Fremont","IA","19071",17.1
"Greene","IA","19073",16.6
"Grundy","IA","19075",14.5
"Guthrie","IA","19077",16.4
"Hamilton","IA","19079",15.5
"Hancock","IA","19081",16.1
"Hardin","IA","19083",16.3
"Harrison","IA","19085",17.5
"Henry","IA","19087",16.7
"Howard","IA","19089",17.1
"Humboldt","IA","19091",17.1
"Ida","IA","19093",17.3
"Iowa","IA","19095",16.2
"Jackson","IA","19097",17.9
"Jasper","IA","19099",17.9
"Jefferson","IA","19101",15.4
"Johnson","IA","19103",12.3
"Jones","IA","19105",18.1
"Keokuk","IA","19107",17.5
"Kossuth","IA","19109",16.1
"Lee","IA","19111",18.8
"Linn","IA","19113",14.4
"Louisa","IA","19115",17.5
"Lucas","IA","19117",19
"Lyon","IA","19119",16.7
"Madison","IA","19121",15.8
"Mahaska","IA","19123",18.2
"Marion","IA","19125",15.2
"Marshall","IA","19127",16.4
"Mills","IA","19129",15.8
"Mitchell","IA","19131",16.6
"Monona","IA","19133",17.5
"Monroe","IA","19135",17.6
"Montgomery","IA","19137",18.4
"Muscatine","IA","19139",16.8
"O'Brien","IA","19141",17
"Osceola","IA","19143",17.2
"Page","IA","19145",17.9
"Palo Alto","IA","19147",15.1
"Plymouth","IA","19149",15.9
"Pocahontas","IA","19151",17.8
"Polk","IA","19153",16.2
"Pottawattamie","IA","19155",19.6
"Poweshiek","IA","19157",15.5
"Ringgold","IA","19159",17.2
"Sac","IA","19161",17.1
"Scott","IA","19163",14.7
"Shelby","IA","19165",15.9
"Sioux","IA","19167",13.8
"Story","IA","19169",12.1
"Tama","IA","19171",18.5
"Taylor","IA","19173",16.7
"Union","IA","19175",17.7
"Van Buren","IA","19177",19.1
"Wapello","IA","19179",19.2
"Warren","IA","19181",14.5
"Washington","IA","19183",16.6
"Wayne","IA","19185",19.9
"Webster","IA","19187",18.4
"Winnebago","IA","19189",15.5
"Winneshiek","IA","19191",13.4
"Woodbury","IA","19193",17.5
"Worth","IA","19195",16.7
"Wright","IA","19197",17.9
"Allen","KS","20001",19.9
"Anderson","KS","20003",19.6
"Atchison","KS","20005",18.1
"Barber","KS","20007",19.5
"Barton","KS","20009",19
"Bourbon","KS","20011",19.3
"Brown","KS","20013",20.2
"Butler","KS","20015",17.6
"Chase","KS","20017",16.1
"Chautauqua","KS","20019",21.7
"Cherokee","KS","20021",20.6
"Cheyenne","KS","20023",16.8
"Clark","KS","20025",15.5
"Clay","KS","20027",16.5
"Cloud","KS","20029",18.2
"Coffey","KS","20031",17.7
"Comanche","KS","20033",15.9
"Cowley","KS","20035",18.6
"Crawford","KS","20037",18.8
"Decatur","KS","20039",17.4
"Dickinson","KS","20041",17.8
"Doniphan","KS","20043",18.9
"Douglas","KS","20045",14.1
"Edwards","KS","20047",17.8
"Elk","KS","20049",20.1
"Ellis","KS","20051",14.8
"Ellsworth","KS","20053",17.4
"Finney","KS","20055",18.1
"Ford","KS","20057",18.3
"Franklin","KS","20059",18.4
"Geary","KS","20061",18.4
"Gove","KS","20063",17
"Graham","KS","20065",18.7
"Grant","KS","20067",17.1
"Gray","KS","20069",16.8
"Greeley","KS","20071",17.5
"Greenwood","KS","20073",18.7
"Hamilton","KS","20075",19.1
"Harper","KS","20077",20
"Harvey","KS","20079",16.7
"Haskell","KS","20081",19.6
"Hodgeman","KS","20083",15.3
"Jackson","KS","20085",18.4
"Jefferson","KS","20087",17.5
"Jewell","KS","20089",18.3
"Johnson","KS","20091",11.1
"Kearny","KS","20093",20
"Kingman","KS","20095",16
"Kiowa","KS","20097",17.5
"Labette","KS","20099",20.6
"Lane","KS","20101",17.2
"Leavenworth","KS","20103",18.1
"Lincoln","KS","20105",16.8
"Linn","KS","20107",20
"Logan","KS","20109",18.4
"Lyon","KS","20111",16.4
"McPherson","KS","20113",15.6
"Marion","KS","20115",16.4
"Marshall","KS","20117",18.1
"Meade","KS","20119",18.2
"Miami","KS","20121",16.4
"Mitchell","KS","20123",16.6
"Montgomery","KS","20125",19.6
"Morris","KS","20127",16.9
"Morton","KS","20129",19.2
"Nemaha","KS","20131",16.1
"Neosho","KS","20133",18.7
"Ness","KS","20135",16.6
"Norton","KS","20137",18.3
"Osage","KS","20139",19.3
"Osborne","KS","20141",17.5
"Ottawa","KS","20143",17.2
"Pawnee","KS","20145",19.7
"Phillips","KS","20147",17.1
"Pottawatomie","KS","20149",15.9
"Pratt","KS","20151",17.2
"Rawlins","KS","20153",17
"Reno","KS","20155",18.8
"Republic","KS","20157",15.5
"Rice","KS","20159",17.2
"Riley","KS","20161",15.4
"Rooks","KS","20163",17.6
"Rush","KS","20165",16.9
"Russell","KS","20167",17.1
"Saline","KS","20169",18.1
"Scott","KS","20171",18
"Sedgwick","KS","20173",18.5
"Seward","KS","20175",18.7
"Shawnee","KS","20177",16.5
"Sheridan","KS","20179",16.1
"Sherman","KS","20181",16.3
"Smith","KS","20183",16.4
"Stafford","KS","20185",17.2
"Stanton","KS","20187",18.2
"Stevens","KS","20189",19
"Sumner","KS","20191",18.6
"Thomas","KS","20193",16.1
"Trego","KS","20195",16.8
"Wabaunsee","KS","20197",15.7
"Wallace","KS","20199",16.2
"Washington","KS","20201",17
"Wichita","KS","20203",15.2
"Wilson","KS","20205",19.9
"Woodson","KS","20207",18.9
"Wyandotte","KS","20209",23.2
"Adair","KY","21001",23.4
"Allen","KY","21003",24.4
"Anderson","KY","21005",22
"Ballard","KY","21007",23.4
"Barren","KY","21009",26
"Bath","KY","21011",26
"Bell","KY","21013",30.6
"Boone","KY","21015",16.7
"Bourbon","KY","21017",22.1
"Boyd","KY","21019",22.8
"Boyle","KY","21021",20.6
"Bracken","KY","21023",24.9
"Breathitt","KY","21025",29.6
"Breckinridge","KY","21027",23.9
"Bullitt","KY","21029",21.5
"Butler","KY","21031",24.8
"Caldwell","KY","21033",23.1
"Calloway","KY","21035",19
"Campbell","KY","21037",17.5
"Carlisle","KY","21039",25.2
"Carroll","KY","21041",26.2
"Carter","KY","21043",25.7
"Casey","KY","21045",29.2
"Christian","KY","21047",22.5
"Clark","KY","21049",22.5
"Clay","KY","21051",33.5
"Clinton","KY","21053",28.2
"Crittenden","KY","21055",24.1
"Cumberland","KY","21057",25.3
"Daviess","KY","21059",20.6
"Edmonson","KY","21061",25.5
"Elliott","KY","21063",29
"Estill","KY","21065",29.6
"Fayette","KY","21067",17
"Fleming","KY","21069",25.6
"Floyd","KY","21071",28
"Franklin","KY","21073",19.1
"Fulton","KY","21075",26.4
"Gallatin","KY","21077",25.4
"Garrard","KY","21079",22.4
"Grant","KY","21081",24
"Graves","KY","21083",23.7
"Grayson","KY","21085",27.1
"Green","KY","21087",27.6
"Greenup","KY","21089",21.8
"Hancock","KY","21091",23.2
"Hardin","KY","21093",20.3
"Harlan","KY","21095",30.6
"Harrison","KY","21097",23.2
"Hart","KY","21099",27.6
"Henderson","KY","21101",22.2
"Henry","KY","21103",24.7
"Hickman","KY","21105",22.9
"Hopkins","KY","21107",24.6
"Jackson","KY","21109",30.1
"Jefferson","KY","21111",17.5
"Jessamine","KY","21113",19.4
"Johnson","KY","21115",25.6
"Kenton","KY","21117",20
"Knott","KY","21119",28.6
"Knox","KY","21121",29.2
"Larue","KY","21123",23
"Laurel","KY","21125",26.9
"Lawrence","KY","21127",29.3
"Lee","KY","21129",33.9
"Leslie","KY","21131",28.9
"Letcher","KY","21133",28.2
"Lewis","KY","21135",30.7
"Lincoln","KY","21137",25.9
"Livingston","KY","21139",21.9
"Logan","KY","21141",23.5
"Lyon","KY","21143",21.1
"McCracken","KY","21145",20.8
"McCreary","KY","21147",32.3
"McLean","KY","21149",22
"Madison","KY","21151",19.3
"Magoffin","KY","21153",30.3
"Marion","KY","21155",25.1
"Marshall","KY","21157",20.5
"Martin","KY","21159",26.7
"Mason","KY","21161",21.8
"Meade","KY","21163",21.4
"Menifee","KY","21165",26.5
"Mercer","KY","21167",22.3
"Metcalfe","KY","21169",26.1
"Monroe","KY","21171",26.7
"Montgomery","KY","21173",24.2
"Morgan","KY","21175",27.7
"Muhlenberg","KY","21177",24.5
"Nelson","KY","21179",19.5
"Nicholas","KY","21181",27.1
"Ohio","KY","21183",24.7
"Oldham","KY","21185",15.4
"Owen","KY","21187",23.8
"Owsley","KY","21189",28.8
"Pendleton","KY","21191",24.3
"Perry","KY","21193",25.7
"Pike","KY","21195",26.5
"Powell","KY","21197",25.7
"Pulaski","KY","21199",24.5
"Robertson","KY","21201",23.8
"Rockcastle","KY","21203",26.9
"Rowan","KY","21205",21.8
"Russell","KY","21207",24.6
"Scott","KY","21209",19.6
"Shelby","KY","21211",19.4
"Simpson","KY","21213",22.7
"Spencer","KY","21215",19.9
"Taylor","KY","21217",21.3
"Todd","KY","21219",24.8
"Trigg","KY","21221",21
"Trimble","KY","21223",23.6
"Union","KY","21225",22.4
"Warren","KY","21227",19.6
"Washington","KY","21229",21.4
"Wayne","KY","21231",26.5
"Webster","KY","21233",25.6
"Whitley","KY","21235",24.9
"Wolfe","KY","21237",33.6
"Woodford","KY","21239",17.1
"Acadia","LA","22001",23.8
"Allen","LA","22003",22.8
"Ascension","LA","22005",18
"Assumption","LA","22007",24.1
"Avoyelles","LA","22009",25.8
"Beauregard","LA","22011",20.5
"Bienville","LA","22013",24.6
"Bossier","LA","22015",18.4
"Caddo","LA","22017",20.9
"Calcasieu","LA","22019",20.6
"Caldwell","LA","22021",23.8
"Cameron","LA","22023",20.7
"Catahoula","LA","22025",24
"Claiborne","LA","22027",27
"Concordia","LA","22029",25.1
"De Soto","LA","22031",22.6
"East Baton Rouge","LA","22033",15.2
"East Carroll","LA","22035",32.6
"East Feliciana","LA","22037",20.8
"Evangeline","LA","22039",26
"Franklin","LA","22041",24.9
"Grant","LA","22043",22.9
"Iberia","LA","22045",22.8
"Iberville","LA","22047",22
"Jackson","LA","22049",22
"Jefferson","LA","22051",16.6
"Jefferson Davis","LA","22053",21.9
"Lafayette","LA","22055",17.9
"Lafourche","LA","22057",21.9
"La Salle","LA","22059",22.5
"Lincoln","LA","22061",17.8
"Livingston","LA","22063",20.1
"Madison","LA","22065",26.5
"Morehouse","LA","22067",23.8
"Natchitoches","LA","22069",21
"Orleans","LA","22071",18.2
"Ouachita","LA","22073",19.6
"Plaquemines","LA","22075",20.1
"Pointe Coupee","LA","22077",21.5
"Rapides","LA","22079",20.5
"Red River","LA","22081",23.3
"Richland","LA","22083",24.9
"Sabine","LA","22085",22.6
"St. Bernard","LA","22087",22.8
"St. Charles","LA","22089",17.3
"St. Helena","LA","22091",22.1
"St. James","LA","22093",20.4
"St. John the Baptist","LA","22095",18.9
"St. Landry","LA","22097",24.1
"St. Martin","LA","22099",21.9
"St. Mary","LA","22101",22.3
"St. Tammany","LA","22103",16.7
"Tangipahoa","LA","22105",21.3
"Tensas","LA","22107",24.1
"Terrebonne","LA","22109",22
"Union","LA","22111",21.8
"Vermilion","LA","22113",21.2
"Vernon","LA","22115",19.9
"Washington","LA","22117",24.3
"Webster","LA","22119",24.5
"West Baton Rouge","LA","22121",19.3
"West Carroll","LA","22123",22.9
"West Feliciana","LA","22125",19.7
"Winn","LA","22127",22.3
"Androscoggin","ME","23001",18.7
"Aroostook","ME","23003",20.8
"Cumberland","ME","23005",12.1
"Franklin","ME","23007",17.1
"Hancock","ME","23009",15.7
"Kennebec","ME","23011",17.5
"Knox","ME","23013",14.8
"Lincoln","ME","23015",15.8
"Oxford","ME","23017",19.8
"Penobscot","ME","23019",19.1
"Piscataquis","ME","23021",20.2
"Sagadahoc","ME","23023",15.3
"Somerset","ME","23025",21.6
"Waldo","ME","23027",16.7
"Washington","ME","23029",20.3
"York","ME","23031",15.5
"Allegany","MD","24001",17.7
"Anne Arundel","MD","24003",11.7
"Baltimore","MD","24005",13.3
"Calvert","MD","24009",13.3
"Caroline","MD","24011",17.9
"Carroll","MD","24013",12.9
"Cecil","MD","24015",17.6
"Charles","MD","24017",14.2
"Dorchester","MD","24019",17.1
"Frederick","MD","24021",11.6
"Garrett","MD","24023",17.2
"Harford","MD","24025",14.1
"Howard","MD","24027",8.7
"Kent","MD","24029",14
"Montgomery","MD","24031",8.3
"Prince George's","MD","24033",11.6
"Queen Anne's","MD","24035",14
"St. Mary's","MD","24037",15.3
"Somerset","MD","24039",19.2
"Talbot","MD","24041",11.9
"Washington","MD","24043",18.5
"Wicomico","MD","24045",16.5
"Worcester","MD","24047",14.3
"Baltimore City","MD","24510",19
"Barnstable","MA","25001",11.5
"Berkshire","MA","25003",13.7
"Bristol","MA","25005",15.4
"Dukes","MA","25007",12.2
"Essex","MA","25009",12.5
"Franklin","MA","25011",14.4
"Hampden","MA","25013",15.7
"Hampshire","MA","25015",10.8
"Middlesex","MA","25017",9.5
"Nantucket","MA","25019",11.7
"Norfolk","MA","25021",10
"Plymouth","MA","25023",13.4
"Suffolk","MA","25025",13
"Worcester","MA","25027",14.4
"Alcona","MI","26001",19.3
"Alger","MI","26003",20.8
"Allegan","MI","26005",19
"Alpena","MI","26007",20.3
"Antrim","MI","26009",17.2
"Arenac","MI","26011",21.5
"Baraga","MI","26013",23.1
"Barry","MI","26015",18.8
"Bay","MI","26017",20.9
"Benzie","MI","26019",17
"Berrien","MI","26021",18.9
"Branch","MI","26023",22.1
"Calhoun","MI","26025",21.5
"Cass","MI","26027",19.6
"Charlevoix","MI","26029",16.5
"Cheboygan","MI","26031",20.4
"Chippewa","MI","26033",21.9
"Clare","MI","26035",24.2
"Clinton","MI","26037",16.7
"Crawford","MI","26039",20.6
"Delta","MI","26041",19.9
"Dickinson","MI","26043",18.2
"Eaton","MI","26045",16.8
"Emmet","MI","26047",16.4
"Genesee","MI","26049",21.2
"Gladwin","MI","26051",22.3
"Gogebic","MI","26053",19.9
"Grand Traverse","MI","26055",16.3
"Gratiot","MI","26057",21.1
"Hillsdale","MI","26059",20.6
"Houghton","MI","26061",17.9
"Huron","MI","26063",20.6
"Ingham","MI","26065",16.3
"Ionia","MI","26067",21
"Iosco","MI","26069",21.2
"Iron","MI","26071",20.2
"Isabella","MI","26073",19.2
"Jackson","MI","26075",19.2
"Kalamazoo","MI","26077",17.4
"Kalkaska","MI","26079",23
"Kent","MI","26081",16.2
"Keweenaw","MI","26083",14.4
"Lake","MI","26085",24.1
"Lapeer","MI","26087",19.3
"Leelanau","MI","26089",13.3
"Lenawee","MI","26091",19.1
"Livingston","MI","26093",15.7
"Luce","MI","26095",21.5
"Mackinac","MI","26097",20.8
"Macomb","MI","26099",17.4
"Manistee","MI","26101",19
"Marquette","MI","26103",17.2
"Mason","MI","26105",19.8
"Mecosta","MI","26107",19.8
"Menominee","MI","26109",20
"Midland","MI","26111",16.8
"Missaukee","MI","26113",21.4
"Monroe","MI","26115",19
"Montcalm","MI","26117",21.9
"Montmorency","MI","26119",20.8
"Muskegon","MI","26121",20.9
"Newaygo","MI","26123",21.6
"Oakland","MI","26125",13.2
"Oceana","MI","26127",20.6
"Ogemaw","MI","26129",22.3
"Ontonagon","MI","26131",19.7
"Osceola","MI","26133",22.5
"Oscoda","MI","26135",22
"Otsego","MI","26137",19.2
"Ottawa","MI","26139",15.6
"Presque Isle","MI","26141",19
"Roscommon","MI","26143",20.3
"Saginaw","MI","26145",20.2
"St. Clair","MI","26147",20.3
"St. Joseph","MI","26149",21.7
"Sanilac","MI","26151",21.4
"Schoolcraft","MI","26153",21.5
"Shiawassee","MI","26155",19.5
"Tuscola","MI","26157",22.1
"Van Buren","MI","26159",21.2
"Washtenaw","MI","26161",12.6
"Wayne","MI","26163",21.1
"Wexford","MI","26165",20.8
"Aitkin","MN","27001",19.1
"Anoka","MN","27003",16.2
"Becker","MN","27005",18.3
"Beltrami","MN","27007",21.2
"Benton","MN","27009",18.7
"Big Stone","MN","27011",18
"Blue Earth","MN","27013",16.1
"Brown","MN","27015",16.3
"Carlton","MN","27017",20.7
"Carver","MN","27019",12.4
"Cass","MN","27021",19
"Chippewa","MN","27023",18.5
"Chisago","MN","27025",16.5
"Clay","MN","27027",16.9
"Clearwater","MN","27029",21.5
"Cook","MN","27031",14
"Cottonwood","MN","27033",18.4
"Crow Wing","MN","27035",18.1
"Dakota","MN","27037",13.4
"Dodge","MN","27039",16.8
"Douglas","MN","27041",16.1
"Faribault","MN","27043",18.2
"Fillmore","MN","27045",18.1
"Freeborn","MN","27047",18.8
"Goodhue","MN","27049",17
"Grant","MN","27051",18.5
"Hennepin","MN","27053",13.2
"Houston","MN","27055",17
"Hubbard","MN","27057",17.3
"Isanti","MN","27059",18.7
"Itasca","MN","27061",18.8
"Jackson","MN","27063",17.1
"Kanabec","MN","27065",20.7
"Kandiyohi","MN","27067",16.8
"Kittson","MN","27069",16.9
"Koochiching","MN","27071",18.9
"Lac qui Parle","MN","27073",16.7
"Lake","MN","27075",16
"Lake of the Woods","MN","27077",17.3
"Le Sueur","MN","27079",16.9
"Lincoln","MN","27081",18.1
"Lyon","MN","27083",17.5
"McLeod","MN","27085",17.8
"Mahnomen","MN","27087",26.9
"Marshall","MN","27089",17.8
"Martin","MN","27091",18.2
"Meeker","MN","27093",17.8
"Mille Lacs","MN","27095",21.2
"Morrison","MN","27097",19
"Mower","MN","27099",20.1
"Murray","MN","27101",17
"Nicollet","MN","27103",16
"Nobles","MN","27105",18.7
"Norman","MN","27107",17.5
"Olmsted","MN","27109",13.8
"Otter Tail","MN","27111",16.4
"Pennington","MN","27113",18.4
"Pine","MN","27115",21.7
"Pipestone","MN","27117",18.5
"Polk","MN","27119",17.9
"Pope","MN","27121",17.2
"Ramsey","MN","27123",15.1
"Red Lake","MN","27125",18.8
"Redwood","MN","27127",17.7
"Renville","MN","27129",18.9
"Rice","MN","27131",16.7
"Rock","MN","27133",17
"Roseau","MN","27135",18.4
"St. Louis","MN","27137",19.2
"Scott","MN","27139",13.9
"Sherburne","MN","27141",17.3
"Sibley","MN","27143",18.2
"Stearns","MN","27145",16.4
"Steele","MN","27147",17
"Stevens","MN","27149",15.7
"Swift","MN","27151",18.5
"Todd","MN","27153",19.9
"Traverse","MN","27155",17.9
"Wabasha","MN","27157",16.3
"Wadena","MN","27159",19.8
"Waseca","MN","27161",18.8
"Washington","MN","27163",13
"Watonwan","MN","27165",18.1
"Wilkin","MN","27167",16.9
"Winona","MN","27169",15.8
"Wright","MN","27171",16.6
"Yellow Medicine","MN","27173",18.6
"Adams","MS","28001",22.3
"Alcorn","MS","28003",20.8
"Amite","MS","28005",20.7
"Attala","MS","28007",20.7
"Benton","MS","28009",20.9
"Bolivar","MS","28011",20.2
"Calhoun","MS","28013",21.9
"Carroll","MS","28015",19.4
"Chickasaw","MS","28017",21.9
"Choctaw","MS","28019",19.2
"Claiborne","MS","28021",20.6
"Clarke","MS","28023",19.9
"Clay","MS","28025",19.8
"Coahoma","MS","28027",23.2
"Copiah","MS","28029",19
"Covington","MS","28031",22
"DeSoto","MS","28033",18.1
"Forrest","MS","28035",19
"Franklin","MS","28037",22
"George","MS","28039",20.7
"Greene","MS","28041",21.1
"Grenada","MS","28043",19.6
"Hancock","MS","28045",16.8
"Harrison","MS","28047",18.7
"Hinds","MS","28049",16.6
"Holmes","MS","28051",25.5
"Humphreys","MS","28053",25.6
"Issaquena","MS","28055",24.8
"Itawamba","MS","28057",19.4
"Jackson","MS","28059",18.5
"Jasper","MS","28061",19.7
"Jefferson","MS","28063",21.4
"Jefferson Davis","MS","28065",20.3
"Jones","MS","28067",19.3
"Kemper","MS","28069",20.4
"Lafayette","MS","28071",14.2
"Lamar","MS","28073",16.6
"Lauderdale","MS","28075",19.9
"Lawrence","MS","28077",21.1
"Leake","MS","28079",22.7
"Lee","MS","28081",17.3
"Leflore","MS","28083",21
"Lincoln","MS","28085",20.1
"Lowndes","MS","28087",18
"Madison","MS","28089",13
"Marion","MS","28091",23
"Marshall","MS","28093",20.8
"Monroe","MS","28095",19.5
"Montgomery","MS","28097",21.8
"Neshoba","MS","28099",23.1
"Newton","MS","28101",19.7
"Noxubee","MS","28103",22.8
"Oktibbeha","MS","28105",14.7
"Panola","MS","28107",22.4
"Pearl River","MS","28109",19.2
"Perry","MS","28111",23
"Pike","MS","28113",22
"Pontotoc","MS","28115",19.4
"Prentiss","MS","28117",21.2
"Quitman","MS","28119",24.6
"Rankin","MS","28121",16.2
"Scott","MS","28123",22
"Sharkey","MS","28125",21.6
"Simpson","MS","28127",20.5
"Smith","MS","28129",20.4
"Stone","MS","28131",20.3
"Sunflower","MS","28133",23.8
"Tallahatchie","MS","28135",22.6
"Tate","MS","28137",19.9
"Tippah","MS","28139",22.7
"Tishomingo","MS","28141",21.9
"Tunica","MS","28143",23.5
"Union","MS","28145",19.9
"Walthall","MS","28147",21.1
"Warren","MS","28149",19.1
"Washington","MS","28151",21.3
"Wayne","MS","28153",21.1
"Webster","MS","28155",19.8
"Wilkinson","MS","28157",24.7
"Winston","MS","28159",19.7
"Yalobusha","MS","28161",20.2
"Yazoo","MS","28163",25.2
"Adair","MO","29001",18.3
"Andrew","MO","29003",17.8
"Atchison","MO","29005",19.3
"Audrain","MO","29007",22.7
"Barry","MO","29009",22.4
"Barton","MO","29011",23.1
"Bates","MO","29013",22.7
"Benton","MO","29015",21.7
"Bollinger","MO","29017",24.7
"Boone","MO","29019",14.8
"Buchanan","MO","29021",22.3
"Butler","MO","29023",25.2
"Caldwell","MO","29025",22.5
"Callaway","MO","29027",19.8
"Camden","MO","29029",19.2
"Cape Girardeau","MO","29031",18.1
"Carroll","MO","29033",21.6
"Carter","MO","29035",23.2
"Cass","MO","29037",18.3
"Cedar","MO","29039",23.9
"Chariton","MO","29041",20
"Christian","MO","29043",18
"Clark","MO","29045",24
"Clay","MO","29047",18.5
"Clinton","MO","29049",19.8
"Cole","MO","29051",16.5
"Cooper","MO","29053",20.1
"Crawford","MO","29055",24.3
"Dade","MO","29057",23.8
"Dallas","MO","29059",25.1
"Daviess","MO","29061",21.9
"DeKalb","MO","29063",21.6
"Dent","MO","29065",24.1
"Douglas","MO","29067",23.6
"Dunklin","MO","29069",26.8
"Franklin","MO","29071",19.9
"Gasconade","MO","29073",19.3
"Gentry","MO","29075",21.9
"Greene","MO","29077",18.6
"Grundy","MO","29079",21.7
"Harrison","MO","29081",22.4
"Henry","MO","29083",21.9
"Hickory","MO","29085",22.5
"Holt","MO","29087",19.7
"Howard","MO","29089",18.4
"Howell","MO","29091",23.4
"Iron","MO","29093",24.6
"Jackson","MO","29095",18.7
"Jasper","MO","29097",21.7
"Jefferson","MO","29099",20.6
"Johnson","MO","29101",17.9
"Knox","MO","29103",22.8
"Laclede","MO","29105",23.7
"Lafayette","MO","29107",21
"Lawrence","MO","29109",23
"Lewis","MO","29111",22.3
"Lincoln","MO","29113",22.1
"Linn","MO","29115",21.4
"Livingston","MO","29117",21.2
"McDonald","MO","29119",26.5
"Macon","MO","29121",19.5
"Madison","MO","29123",22.2
"Maries","MO","29125",22.7
"Marion","MO","29127",21.1
"Mercer","MO","29129",20.7
"Miller","MO","29131",21.4
"Mississippi","MO","29133",28.3
"Moniteau","MO","29135",21.2
"Monroe","MO","29137",22.2
"Montgomery","MO","29139",22.4
"Morgan","MO","29141",24.6
"New Madrid","MO","29143",25.8
"Newton","MO","29145",20.8
"Nodaway","MO","29147",16.9
"Oregon","MO","29149",25.8
"Osage","MO","29151",19.8
"Ozark","MO","29153",25.9
"Pemiscot","MO","29155",28.4
"Perry","MO","29157",20.6
"Pettis","MO","29159",20.6
"Phelps","MO","29161",19.2
"Pike","MO","29163",23.4
"Platte","MO","29165",14.9
"Polk","MO","29167",20.7
"Pulaski","MO","29169",18.5
"Putnam","MO","29171",19.5
"Ralls","MO","29173",21.7
"Randolph","MO","29175",21.9
"Ray","MO","29177",22.3
"Reynolds","MO","29179",23.8
"Ripley","MO","29181",27.1
"St. Charles","MO","29183",14.6
"St. Clair","MO","29185",22.2
"Ste. Genevieve","MO","29186",19.8
"St. Francois","MO","29187",23.8
"St. Louis","MO","29189",14.5
"Saline","MO","29195",20
"Schuyler","MO","29197",22.2
"Scotland","MO","29199",23.2
"Scott","MO","29201",22.7
"Shannon","MO","29203",25.4
"Shelby","MO","29205",22.4
"Stoddard","MO","29207",26.8
"Stone","MO","29209",19.5
"Sullivan","MO","29211",21.4
"Taney","MO","29213",19.9
"Texas","MO","29215",25.1
"Vernon","MO","29217",22.1
"Warren","MO","29219",21
"Washington","MO","29221",26
"Wayne","MO","29223",26.6
"Webster","MO","29225",22.8
"Worth","MO","29227",19.9
"Wright","MO","29229",26.6
"St. Louis City","MO","29510",19.5
"Beaverhead","MT","30001",15.4
"Big Horn","MT","30003",27.3
"Blaine","MT","30005",24.1
"Broadwater","MT","30007",16.5
"Carbon","MT","30009",14.7
"Carter","MT","30011",16.5
"Cascade","MT","30013",17.5
"Chouteau","MT","30015",18.3
"Custer","MT","30017",16.1
"Daniels","MT","30019",15.2
"Dawson","MT","30021",16.4
"Deer Lodge","MT","30023",20.7
"Fallon","MT","30025",17.5
"Fergus","MT","30027",15.8
"Flathead","MT","30029",16.5
"Gallatin","MT","30031",12.3
"Garfield","MT","30033",17.5
"Glacier","MT","30035",27.5
"Golden Valley","MT","30037",16.7
"Granite","MT","30039",15.8
"Hill","MT","30041",19.2
"Jefferson","MT","30043",15
"Judith Basin","MT","30045",15.7
"Lake","MT","30047",17.8
"Lewis and Clark","MT","30049",14.2
"Liberty","MT","30051",20.4
"Lincoln","MT","30053",18.6
"McCone","MT","30055",15.7
"Madison","MT","30057",13.4
"Meagher","MT","30059",15.5
"Mineral","MT","30061",18.6
"Missoula","MT","30063",13.4
"Musselshell","MT","30065",18.2
"Park","MT","30067",15.3
"Petroleum","MT","30069",16.3
"Phillips","MT","30071",18.5
"Pondera","MT","30073",18.1
"Powder River","MT","30075",15.7
"Powell","MT","30077",19.9
"Prairie","MT","30079",18.1
"Ravalli","MT","30081",15.8
"Richland","MT","30083",17.5
"Roosevelt","MT","30085",29.4
"Rosebud","MT","30087",20.7
"Sanders","MT","30089",19.4
"Sheridan","MT","30091",16.6
"Silver Bow","MT","30093",17.8
"Stillwater","MT","30095",15.1
"Sweet Grass","MT","30097",15.4
"Teton","MT","30099",16.8
"Toole","MT","30101",19.7
"Treasure","MT","30103",15.5
"Valley","MT","30105",18.6
"Wheatland","MT","30107",20.2
"Wibaux","MT","30109",16
"Yellowstone","MT","30111",17
"Adams","NE","31001",15.3
"Antelope","NE","31003",15.9
"Arthur","NE","31005",15.7
"Banner","NE","31007",14.1
"Blaine","NE","31009",14.8
"Boone","NE","31011",16
"Box Butte","NE","31013",17.7
"Boyd","NE","31015",14.9
"Brown","NE","31017",14.9
"Buffalo","NE","31019",14.8
"Burt","NE","31021",16.8
"Butler","NE","31023",15.9
"Cass","NE","31025",15.6
"Cedar","NE","31027",14
"Chase","NE","31029",14.9
"Cherry","NE","31031",17.1
"Cheyenne","NE","31033",15.8
"Clay","NE","31035",15.9
"Colfax","NE","31037",16.6
"Cuming","NE","31039",15.4
"Custer","NE","31041",15
"Dakota","NE","31043",15.9
"Dawes","NE","31045",13.7
"Dawson","NE","31047",16.6
"Deuel","NE","31049",15.8
"Dixon","NE","31051",15.9
"Dodge","NE","31053",17.6
"Douglas","NE","31055",15.1
"Dundy","NE","31057",15.4
"Fillmore","NE","31059",15.3
"Franklin","NE","31061",16.7
"Frontier","NE","31063",14.6
"Furnas","NE","31065",16.3
"Gage","NE","31067",18
"Garden","NE","31069",15.7
"Garfield","NE","31071",12.9
"Gosper","NE","31073",13.9
"Grant","NE","31075",17.2
"Greeley","NE","31077",15.7
"Hall","NE","31079",16.9
"Hamilton","NE","31081",14.1
"Harlan","NE","31083",15.1
"Hayes","NE","31085",15.7
"Hitchcock","NE","31087",17
"Holt","NE","31089",14.9
"Hooker","NE","31091",12.9
"Howard","NE","31093",15.9
"Jefferson","NE","31095",17.1
"Johnson","NE","31097",17.7
"Kearney","NE","31099",16
"Keith","NE","31101",16.7
"Keya Paha","NE","31103",15.7
"Kimball","NE","31105",18.3
"Knox","NE","31107",15.1
"Lancaster","NE","31109",14.1
"Lincoln","NE","31111",16.9
"Logan","NE","31113",16
"Loup","NE","31115",14.8
"McPherson","NE","31117",14.8
"Madison","NE","31119",16.8
"Merrick","NE","31121",16.9
"Morrill","NE","31123",16
"Nance","NE","31125",16.6
"Nemaha","NE","31127",15.8
"Nuckolls","NE","31129",15.3
"Otoe","NE","31131",15.3
"Pawnee","NE","31133",18.4
"Perkins","NE","31135",14.1
"Phelps","NE","31137",15.1
"Pierce","NE","31139",15.3
"Platte","NE","31141",14.9
"Polk","NE","31143",15.7
"Red Willow","NE","31145",15.8
"Richardson","NE","31147",18
"Rock","NE","31149",13.8
"Saline","NE","31151",16.8
"Sarpy","NE","31153",12.6
"Saunders","NE","31155",14.9
"Scotts Bluff","NE","31157",16.1
"Seward","NE","31159",14.1
"Sheridan","NE","31161",17.8
"Sherman","NE","31163",15
"Sioux","NE","31165",15.8
"Stanton","NE","31167",15.8
"Thayer","NE","31169",16
"Thomas","NE","31171",13.1
"Thurston","NE","31173",24.9
"Valley","NE","31175",14.1
"Washington","NE","31177",14.7
"Wayne","NE","31179",12.8
"Webster","NE","31181",16.2
"Wheeler","NE","31183",15.6
"York","NE","31185",14.5
"Churchill","NV","32001",18.9
"Clark","NV","32003",16.7
"Douglas","NV","32005",15.2
"Elko","NV","32007",19.5
"Esmeralda","NV","32009",20.7
"Eureka","NV","32011",21.3
"Humboldt","NV","32013",19.9
"Lander","NV","32015",21.4
"Lincoln","NV","32017",18.5
"Lyon","NV","32019",19.9
"Mineral","NV","32021",23.5
"Nye","NV","32023",20.2
"Pershing","NV","32027",20.6
"Storey","NV","32029",15
"Washoe","NV","32031",17.1
"White Pine","NV","32033",20.5
"Carson City","NV","32510",17.6
"Belknap","NH","33001",15.8
"Carroll","NH","33003",13.6
"Cheshire","NH","33005",14.3
"Coos","NH","33007",18.4
"Grafton","NH","33009",13.5
"Hillsborough","NH","33011",13.8
"Merrimack","NH","33013",14.6
"Rockingham","NH","33015",13.6
"Strafford","NH","33017",15.2
"Sullivan","NH","33019",16.9
"Atlantic","NJ","34001",15.9
"Bergen","NJ","34003",10.2
"Burlington","NJ","34005",12.4
"Camden","NJ","34007",14.9
"Cape May","NJ","34009",13.4
"Cumberland","NJ","34011",18.8
"Essex","NJ","34013",14.3
"Gloucester","NJ","34015",13.1
"Hudson","NJ","34017",12.3
"Hunterdon","NJ","34019",9.8
"Mercer","NJ","34021",11.8
"Middlesex","NJ","34023",10.9
"Monmouth","NJ","34025",10.8
"Morris","NJ","34027",9.4
"Ocean","NJ","34029",14
"Passaic","NJ","34031",13.1
"Salem","NJ","34033",16.9
"Somerset","NJ","34035",9.2
"Sussex","NJ","34037",12.9
"Union","NJ","34039",12.1
"Warren","NJ","34041",13.3
"Bernalillo","NM","35001",13.9
"Catron","NM","35003",18.4
"Chaves","NM","35005",16.3
"Cibola","NM","35006",22.5
"Colfax","NM","35007",15.8
"Curry","NM","35009",17.9
"De Baca","NM","35011",15.6
"Doa Ana","NM","35013",14.1
"Eddy","NM","35015",16.7
"Grant","NM","35017",15.2
"Guadalupe","NM","35019",14.9
"Harding","NM","35021",14.2
"Hidalgo","NM","35023",16.2
"Lea","NM","35025",18.5
"Lincoln","NM","35027",15.2
"Los Alamos","NM","35028",8.5
"Luna","NM","35029",18.2
"McKinley","NM","35031",24.6
"Mora","NM","35033",12.3
"Otero","NM","35035",17.4
"Quay","NM","35037",17.4
"Rio Arriba","NM","35039",16.4
"Roosevelt","NM","35041",16.2
"Sandoval","NM","35043",14.9
"San Juan","NM","35045",22
"San Miguel","NM","35047",14.7
"Santa Fe","NM","35049",11.5
"Sierra","NM","35051",15.3
"Socorro","NM","35053",18.3
"Taos","NM","35055",13.2
"Torrance","NM","35057",18.2
"Union","NM","35059",18.2
"Valencia","NM","35061",15.6
"Albany","NY","36001",13.4
"Allegany","NY","36003",17.2
"Bronx","NY","36005",16.7
"Broome","NY","36007",16.8
"Cattaraugus","NY","36009",19.7
"Cayuga","NY","36011",18.1
"Chautauqua","NY","36013",17.7
"Chemung","NY","36015",18.2
"Chenango","NY","36017",19.1
"Clinton","NY","36019",18.6
"Columbia","NY","36021",15.2
"Cortland","NY","36023",15.9
"Delaware","NY","36025",17.6
"Dutchess","NY","36027",13.6
"Erie","NY","36029",14.7
"Essex","NY","36031",15.7
"Franklin","NY","36033",20
"Fulton","NY","36035",19.9
"Genesee","NY","36037",16.8
"Greene","NY","36039",16.8
"Hamilton","NY","36041",17.6
"Herkimer","NY","36043",18.2
"Jefferson","NY","36045",16.8
"Kings","NY","36047",14
"Lewis","NY","36049",18.5
"Livingston","NY","36051",15.3
"Madison","NY","36053",15.7
"Monroe","NY","36055",14.4
"Montgomery","NY","36057",18.9
"Nassau","NY","36059",10.4
"New York","NY","36061",11.2
"Niagara","NY","36063",17.4
"Oneida","NY","36065",16.2
"Onondaga","NY","36067",15.5
"Ontario","NY","36069",14.1
"Orange","NY","36071",14.9
"Orleans","NY","36073",19.9
"Oswego","NY","36075",18.8
"Otsego","NY","36077",15.6
"Putnam","NY","36079",12.2
"Queens","NY","36081",12.9
"Rensselaer","NY","36083",15.5
"Richmond","NY","36085",14.8
"Rockland","NY","36087",13.1
"St. Lawrence","NY","36089",19.5
"Saratoga","NY","36091",14.8
"Schenectady","NY","36093",14.4
"Schoharie","NY","36095",16
"Schuyler","NY","36097",18
"Seneca","NY","36099",18
"Steuben","NY","36101",18.5
"Suffolk","NY","36103",12.9
"Sullivan","NY","36105",17.3
"Tioga","NY","36107",16.2
"Tompkins","NY","36109",12.6
"Ulster","NY","36111",15.3
"Warren","NY","36113",14.5
"Washington","NY","36115",18.1
"Wayne","NY","36117",17.2
"Westchester","NY","36119",10.8
"Wyoming","NY","36121",17.5
"Yates","NY","36123",17.2
"Alamance","NC","37001",18.4
"Alexander","NC","37003",20.8
"Alleghany","NC","37005",21
"Anson","NC","37007",22.5
"Ashe","NC","37009",18.7
"Avery","NC","37011",18.8
"Beaufort","NC","37013",18.9
"Bertie","NC","37015",22.7
"Bladen","NC","37017",21.3
"Brunswick","NC","37019",15.8
"Buncombe","NC","37021",16
"Burke","NC","37023",21.5
"Cabarrus","NC","37025",16.2
"Caldwell","NC","37027",20.9
"Camden","NC","37029",18.9
"Carteret","NC","37031",15.9
"Caswell","NC","37033",20.3
"Catawba","NC","37035",18.6
"Chatham","NC","37037",14
"Cherokee","NC","37039",19.5
"Chowan","NC","37041",19
"Clay","NC","37043",17.2
"Cleveland","NC","37045",20.6
"Columbus","NC","37047",22.1
"Craven","NC","37049",17
"Cumberland","NC","37051",19.5
"Currituck","NC","37053",17.1
"Dare","NC","37055",14.5
"Davidson","NC","37057",19.6
"Davie","NC","37059",17.5
"Duplin","NC","37061",20.2
"Durham","NC","37063",14.4
"Edgecombe","NC","37065",21.4
"Forsyth","NC","37067",16.3
"Franklin","NC","37069",18.7
"Gaston","NC","37071",19.7
"Gates","NC","37073",19.5
"Graham","NC","37075",20.4
"Granville","NC","37077",19
"Greene","NC","37079",22.6
"Guilford","NC","37081",16.1
"Halifax","NC","37083",23.7
"Harnett","NC","37085",19
"Haywood","NC","37087",17.8
"Henderson","NC","37089",15.3
"Hertford","NC","37091",21.1
"Hoke","NC","37093",21
"Hyde","NC","37095",22.3
"Iredell","NC","37097",17
"Jackson","NC","37099",17.4
"Johnston","NC","37101",18.1
"Jones","NC","37103",21.9
"Lee","NC","37105",18.9
"Lenoir","NC","37107",21.4
"Lincoln","NC","37109",17.7
"McDowell","NC","37111",20.2
"Macon","NC","37113",17.5
"Madison","NC","37115",17.8
"Martin","NC","37117",21
"Mecklenburg","NC","37119",14.2
"Mitchell","NC","37121",18.5
"Montgomery","NC","37123",19.7
"Moore","NC","37125",14.8
"Nash","NC","37127",19.1
"New Hanover","NC","37129",15
"Northampton","NC","37131",21
"Onslow","NC","37133",17.8
"Orange","NC","37135",11.7
"Pamlico","NC","37137",18.2
"Pasquotank","NC","37139",17.9
"Pender","NC","37141",18.5
"Perquimans","NC","37143",18.1
"Person","NC","37145",19.3
"Pitt","NC","37147",16.8
"Polk","NC","37149",14.4
"Randolph","NC","37151",20.2
"Richmond","NC","37153",22.2
"Robeson","NC","37155",26.2
"Rockingham","NC","37157",20.9
"Rowan","NC","37159",19.7
"Rutherford","NC","37161",21.3
"Sampson","NC","37163",20.8
"Scotland","NC","37165",24.4
"Stanly","NC","37167",19.1
"Stokes","NC","37169",21
"Surry","NC","37171",20.5
"Swain","NC","37173",23.3
"Transylvania","NC","37175",15.7
"Tyrrell","NC","37177",21.6
"Union","NC","37179",15.6
"Vance","NC","37181",20.9
"Wake","NC","37183",11.7
"Warren","NC","37185",21.4
"Washington","NC","37187",21.1
"Watauga","NC","37189",15.5
"Wayne","NC","37191",19.9
"Wilkes","NC","37193",20.5
"Wilson","NC","37195",20.8
"Yadkin","NC","37197",20.6
"Yancey","NC","37199",18.8
"Adams","ND","38001",17.3
"Barnes","ND","38003",15.5
"Benson","ND","38005",28.5
"Billings","ND","38007",16.1
"Bottineau","ND","38009",15.8
"Bowman","ND","38011",17.2
"Burke","ND","38013",16.6
"Burleigh","ND","38015",14.5
"Cass","ND","38017",15.2
"Cavalier","ND","38019",15.9
"Dickey","ND","38021",15.1
"Divide","ND","38023",18.4
"Dunn","ND","38025",18.7
"Eddy","ND","38027",17.9
"Emmons","ND","38029",16.5
"Foster","ND","38031",16.4
"Golden Valley","ND","38033",16.5
"Grand Forks","ND","38035",15.7
"Grant","ND","38037",17.3
"Griggs","ND","38039",15.1
"Hettinger","ND","38041",18.5
"Kidder","ND","38043",18.8
"LaMoure","ND","38045",16.4
"Logan","ND","38047",16.3
"McHenry","ND","38049",17.7
"McIntosh","ND","38051",17.5
"McKenzie","ND","38053",20
"McLean","ND","38055",17
"Mercer","ND","38057",16.9
"Morton","ND","38059",17.1
"Mountrail","ND","38061",22.2
"Nelson","ND","38063",16.2
"Oliver","ND","38065",17.4
"Pembina","ND","38067",17.8
"Pierce","ND","38069",16.2
"Ramsey","ND","38071",19.3
"Ransom","ND","38073",17.1
"Renville","ND","38075",16.5
"Richland","ND","38077",16.3
"Rolette","ND","38079",29.6
"Sargent","ND","38081",16.2
"Sheridan","ND","38083",16.8
"Sioux","ND","38085",34.4
"Slope","ND","38087",15.9
"Stark","ND","38089",18.1
"Steele","ND","38091",14.4
"Stutsman","ND","38093",17.9
"Towner","ND","38095",19.1
"Traill","ND","38097",15.7
"Walsh","ND","38099",18.7
"Ward","ND","38101",16
"Wells","ND","38103",15.9
"Williams","ND","38105",18.8
"Adams","OH","39001",28.1
"Allen","OH","39003",21.6
"Ashland","OH","39005",22.2
"Ashtabula","OH","39007",26
"Athens","OH","39009",23
"Auglaize","OH","39011",20.9
"Belmont","OH","39013",23.1
"Brown","OH","39015",25.5
"Butler","OH","39017",19
"Carroll","OH","39019",23.5
"Champaign","OH","39021",23.5
"Clark","OH","39023",22.5
"Clermont","OH","39025",20.6
"Clinton","OH","39027",23.7
"Columbiana","OH","39029",25.5
"Coshocton","OH","39031",25.7
"Crawford","OH","39033",24.5
"Cuyahoga","OH","39035",20.2
"Darke","OH","39037",23.4
"Defiance","OH","39039",20.4
"Delaware","OH","39041",14.5
"Erie","OH","39043",19.6
"Fairfield","OH","39045",20.3
"Fayette","OH","39047",26.1
"Franklin","OH","39049",19.5
"Fulton","OH","39051",21.5
"Gallia","OH","39053",26.2
"Geauga","OH","39055",17.7
"Greene","OH","39057",17.2
"Guernsey","OH","39059",26.4
"Hamilton","OH","39061",20.5
"Hancock","OH","39063",20
"Hardin","OH","39065",22.8
"Harrison","OH","39067",25.2
"Henry","OH","39069",21
"Highland","OH","39071",27.3
"Hocking","OH","39073",25.1
"Holmes","OH","39075",27.9
"Huron","OH","39077",24.2
"Jackson","OH","39079",27.8
"Jefferson","OH","39081",24
"Knox","OH","39083",19.9
"Lake","OH","39085",18.1
"Lawrence","OH","39087",25.2
"Licking","OH","39089",20.3
"Logan","OH","39091",23.4
"Lorain","OH","39093",20.5
"Lucas","OH","39095",21.7
"Madison","OH","39097",22.6
"Mahoning","OH","39099",21.7
"Marion","OH","39101",25.8
"Medina","OH","39103",17.7
"Meigs","OH","39105",27.4
"Mercer","OH","39107",20.4
"Miami","OH","39109",21.6
"Monroe","OH","39111",23.6
"Montgomery","OH","39113",20.5
"Morgan","OH","39115",26.6
"Morrow","OH","39117",24.2
"Muskingum","OH","39119",23.2
"Noble","OH","39121",24.1
"Ottawa","OH","39123",19.3
"Paulding","OH","39125",22.7
"Perry","OH","39127",26
"Pickaway","OH","39129",23.2
"Pike","OH","39131",27.6
"Portage","OH","39133",19.3
"Preble","OH","39135",21.9
"Putnam","OH","39137",18.8
"Richland","OH","39139",24.5
"Ross","OH","39141",26.9
"Sandusky","OH","39143",22.4
"Scioto","OH","39145",28.2
"Seneca","OH","39147",22.8
"Shelby","OH","39149",22.5
"Stark","OH","39151",21.1
"Summit","OH","39153",20.7
"Trumbull","OH","39155",24.2
"Tuscarawas","OH","39157",24.3
"Union","OH","39159",18.2
"Van Wert","OH","39161",20.7
"Vinton","OH","39163",29.8
"Warren","OH","39165",16.1
"Washington","OH","39167",22.5
"Wayne","OH","39169",21.6
"Williams","OH","39171",22.5
"Wood","OH","39173",18.9
"Wyandot","OH","39175",21.6
"Adair","OK","40001",30
"Alfalfa","OK","40003",19.9
"Atoka","OK","40005",24.4
"Beaver","OK","40007",17.5
"Beckham","OK","40009",22.1
"Blaine","OK","40011",20.5
"Bryan","OK","40013",22.1
"Caddo","OK","40015",23.5
"Canadian","OK","40017",17.5
"Carter","OK","40019",21.2
"Cherokee","OK","40021",23.2
"Choctaw","OK","40023",25.7
"Cimarron","OK","40025",17.8
"Cleveland","OK","40027",16.8
"Coal","OK","40029",24.8
"Comanche","OK","40031",20
"Cotton","OK","40033",22.4
"Craig","OK","40035",24.3
"Creek","OK","40037",21.6
"Custer","OK","40039",18.4
"Delaware","OK","40041",23.6
"Dewey","OK","40043",20.6
"Ellis","OK","40045",19.9
"Garfield","OK","40047",19
"Garvin","OK","40049",22.9
"Grady","OK","40051",20.4
"Grant","OK","40053",18.9
"Greer","OK","40055",22.5
"Harmon","OK","40057",19.4
"Harper","OK","40059",19.7
"Haskell","OK","40061",24.2
"Hughes","OK","40063",25.6
"Jackson","OK","40065",19
"Jefferson","OK","40067",23.1
"Johnston","OK","40069",22.5
"Kay","OK","40071",21.1
"Kingfisher","OK","40073",18.6
"Kiowa","OK","40075",22.9
"Latimer","OK","40077",23.1
"Le Flore","OK","40079",24.6
"Lincoln","OK","40081",21.7
"Logan","OK","40083",17.8
"Love","OK","40085",22.7
"McClain","OK","40087",19
"McCurtain","OK","40089",25.3
"McIntosh","OK","40091",24.3
"Major","OK","40093",18.6
"Marshall","OK","40095",21.8
"Mayes","OK","40097",24.5
"Murray","OK","40099",22.1
"Muskogee","OK","40101",23.1
"Noble","OK","40103",19.6
"Nowata","OK","40105",23.7
"Okfuskee","OK","40107",28.1
"Oklahoma","OK","40109",17.9
"Okmulgee","OK","40111",23.6
"Osage","OK","40113",21.4
"Ottawa","OK","40115",24.8
"Pawnee","OK","40117",21.7
"Payne","OK","40119",17.8
"Pittsburg","OK","40121",23.8
"Pontotoc","OK","40123",19.7
"Pottawatomie","OK","40125",22.2
"Pushmataha","OK","40127",24.7
"Roger Mills","OK","40129",20.6
"Rogers","OK","40131",18.6
"Seminole","OK","40133",26.1
"Sequoyah","OK","40135",26.7
"Stephens","OK","40137",21.2
"Texas","OK","40139",19.3
"Tillman","OK","40141",21.6
"Tulsa","OK","40143",18.2
"Wagoner","OK","40145",18.8
"Washington","OK","40147",19.4
"Washita","OK","40149",19.3
"Woods","OK","40151",18.2
"Woodward","OK","40153",20.1
"Baker","OR","41001",16
"Benton","OR","41003",11
"Clackamas","OR","41005",12.9
"Clatsop","OR","41007",15.9
"Columbia","OR","41009",16.1
"Coos","OR","41011",17.4
"Crook","OR","41013",16.8
"Curry","OR","41015",15.1
"Deschutes","OR","41017",13.6
"Douglas","OR","41019",16.9
"Gilliam","OR","41021",17
"Grant","OR","41023",16.5
"Harney","OR","41025",16.9
"Hood River","OR","41027",14
"Jackson","OR","41029",14.8
"Jefferson","OR","41031",17.5
"Josephine","OR","41033",17.4
"Klamath","OR","41035",17.4
"Lake","OR","41037",18.2
"Lane","OR","41039",15.1
"Lincoln","OR","41041",15.6
"Linn","OR","41043",17.1
"Malheur","OR","41045",19
"Marion","OR","41047",15.8
"Morrow","OR","41049",19.2
"Multnomah","OR","41051",14.7
"Polk","OR","41053",14.2
"Sherman","OR","41055",16.3
"Tillamook","OR","41057",15.7
"Umatilla","OR","41059",17.7
"Union","OR","41061",16
"Wallowa","OR","41063",14.3
"Wasco","OR","41065",16.5
"Washington","OR","41067",11.9
"Wheeler","OR","41069",15.6
"Yamhill","OR","41071",15
"Adams","PA","42001",17.9
"Allegheny","PA","42003",14.9
"Armstrong","PA","42005",20.1
"Beaver","PA","42007",17.8
"Bedford","PA","42009",20.1
"Berks","PA","42011",17.4
"Blair","PA","42013",19.1
"Bradford","PA","42015",20.5
"Bucks","PA","42017",14.4
"Butler","PA","42019",15.2
"Cambria","PA","42021",19
"Cameron","PA","42023",22.1
"Carbon","PA","42025",20.1
"Centre","PA","42027",15.2
"Chester","PA","42029",12.5
"Clarion","PA","42031",19.7
"Clearfield","PA","42033",21.1
"Clinton","PA","42035",20.2
"Columbia","PA","42037",17.8
"Crawford","PA","42039",20.2
"Cumberland","PA","42041",15.4
"Dauphin","PA","42043",17.7
"Delaware","PA","42045",15.2
"Elk","PA","42047",19.4
"Erie","PA","42049",18.6
"Fayette","PA","42051",22.1
"Forest","PA","42053",22.8
"Franklin","PA","42055",18.3
"Fulton","PA","42057",20.3
"Greene","PA","42059",20.4
"Huntingdon","PA","42061",19.9
"Indiana","PA","42063",18.8
"Jefferson","PA","42065",21.5
"Juniata","PA","42067",21
"Lackawanna","PA","42069",18.2
"Lancaster","PA","42071",17.3
"Lawrence","PA","42073",19.2
"Lebanon","PA","42075",18
"Lehigh","PA","42077",16.7
"Luzerne","PA","42079",19
"Lycoming","PA","42081",18.4
"McKean","PA","42083",20.6
"Mercer","PA","42085",19.4
"Mifflin","PA","42087",21.8
"Monroe","PA","42089",17.3
"Montgomery","PA","42091",12.9
"Montour","PA","42093",17.5
"Northampton","PA","42095",16.3
"Northumberland","PA","42097",20.7
"Perry","PA","42099",20
"Philadelphia","PA","42101",19.5
"Pike","PA","42103",16.8
"Potter","PA","42105",20.6
"Schuylkill","PA","42107",20.7
"Snyder","PA","42109",19.2
"Somerset","PA","42111",20.7
"Sullivan","PA","42113",19.3
"Susquehanna","PA","42115",19.4
"Tioga","PA","42117",19.5
"Union","PA","42119",17.6
"Venango","PA","42121",20.8
"Warren","PA","42123",19.6
"Washington","PA","42125",17.3
"Wayne","PA","42127",19.2
"Westmoreland","PA","42129",16.5
"Wyoming","PA","42131",18.6
"York","PA","42133",19.3
"Bristol","RI","44001",13
"Kent","RI","44003",16.7
"Newport","RI","44005",11.7
"Providence","RI","44007",15.2
"Washington","RI","44009",12.7
"Abbeville","SC","45001",19.9
"Aiken","SC","45003",17.9
"Allendale","SC","45005",24.3
"Anderson","SC","45007",19
"Bamberg","SC","45009",18.7
"Barnwell","SC","45011",22.3
"Beaufort","SC","45013",13.1
"Berkeley","SC","45015",17.9
"Calhoun","SC","45017",18.2
"Charleston","SC","45019",14.4
"Cherokee","SC","45021",21.6
"Chester","SC","45023",21.3
"Chesterfield","SC","45025",22.3
"Clarendon","SC","45027",20.8
"Colleton","SC","45029",21.2
"Darlington","SC","45031",20.8
"Dillon","SC","45033",25.2
"Dorchester","SC","45035",17.5
"Edgefield","SC","45037",20.5
"Fairfield","SC","45039",20.6
"Florence","SC","45041",19.4
"Georgetown","SC","45043",16.4
"Greenville","SC","45045",16.1
"Greenwood","SC","45047",18.6
"Hampton","SC","45049",22.9
"Horry","SC","45051",19.1
"Jasper","SC","45053",19.9
"Kershaw","SC","45055",18.5
"Lancaster","SC","45057",16.7
"Laurens","SC","45059",22.2
"Lee","SC","45061",22.6
"Lexington","SC","45063",17.8
"McCormick","SC","45065",17.6
"Marion","SC","45067",22.9
"Marlboro","SC","45069",26.8
"Newberry","SC","45071",19.6
"Oconee","SC","45073",18.1
"Orangeburg","SC","45075",19.2
"Pickens","SC","45077",17.3
"Richland","SC","45079",14.6
"Saluda","SC","45081",21
"Spartanburg","SC","45083",18.1
"Sumter","SC","45085",20
"Union","SC","45087",22
"Williamsburg","SC","45089",21.2
"York","SC","45091",16.2
"Aurora","SD","46003",16.2
"Beadle","SD","46005",17.9
"Bennett","SD","46007",28.5
"Bon Homme","SD","46009",20.1
"Brookings","SD","46011",12
"Brown","SD","46013",16.3
"Brule","SD","46015",17.4
"Buffalo","SD","46017",35.7
"Butte","SD","46019",18.6
"Campbell","SD","46021",14.1
"Charles Mix","SD","46023",21.8
"Clark","SD","46025",17.5
"Clay","SD","46027",14.4
"Codington","SD","46029",18.3
"Corson","SD","46031",30.5
"Custer","SD","46033",16.2
"Davison","SD","46035",17.2
"Day","SD","46037",18.5
"Deuel","SD","46039",16.7
"Dewey","SD","46041",31.2
"Douglas","SD","46043",16.7
"Edmunds","SD","46045",16.1
"Fall River","SD","46047",18.7
"Faulk","SD","46049",16.4
"Grant","SD","46051",16.2
"Gregory","SD","46053",17.9
"Haakon","SD","46055",19.3
"Hamlin","SD","46057",17.1
"Hand","SD","46059",14.9
"Hanson","SD","46061",18.2
"Harding","SD","46063",15.8
"Hughes","SD","46065",15.7
"Hutchinson","SD","46067",16.8
"Hyde","SD","46069",15.1
"Jackson","SD","46071",30.2
"Jerauld","SD","46073",15.6
"Jones","SD","46075",15.4
"Kingsbury","SD","46077",15.4
"Lake","SD","46079",15.2
"Lawrence","SD","46081",16.8
"Lincoln","SD","46083",14.1
"Lyman","SD","46085",23
"McCook","SD","46087",16.1
"McPherson","SD","46089",16.3
"Marshall","SD","46091",15.3
"Meade","SD","46093",17
"Mellette","SD","46095",31.8
"Miner","SD","46097",17.1
"Minnehaha","SD","46099",15.7
"Moody","SD","46101",17.4
"Pennington","SD","46103",17.3
"Perkins","SD","46105",16.3
"Potter","SD","46107",15.2
"Roberts","SD","46109",22.1
"Sanborn","SD","46111",17.9
"Shannon","SD","46113",NA
"Spink","SD","46115",15.5
"Stanley","SD","46117",14.7
"Sully","SD","46119",15.6
"Todd","SD","46121",41.1
"Tripp","SD","46123",20.2
"Turner","SD","46125",16.3
"Union","SD","46127",15.2
"Walworth","SD","46129",17.3
"Yankton","SD","46135",16.9
"Ziebach","SD","46137",30.6
"Anderson","TN","47001",21.3
"Bedford","TN","47003",23.1
"Benton","TN","47005",24.7
"Bledsoe","TN","47007",27.2
"Blount","TN","47009",20.8
"Bradley","TN","47011",21
"Campbell","TN","47013",26.8
"Cannon","TN","47015",24.2
"Carroll","TN","47017",22.3
"Carter","TN","47019",23.8
"Cheatham","TN","47021",22
"Chester","TN","47023",23
"Claiborne","TN","47025",25.1
"Clay","TN","47027",26.8
"Cocke","TN","47029",26.5
"Coffee","TN","47031",23
"Crockett","TN","47033",23.5
"Cumberland","TN","47035",20.4
"Davidson","TN","47037",18.6
"Decatur","TN","47039",24.7
"DeKalb","TN","47041",24.4
"Dickson","TN","47043",22.5
"Dyer","TN","47045",23.1
"Fayette","TN","47047",20.5
"Fentress","TN","47049",25.7
"Franklin","TN","47051",21.5
"Gibson","TN","47053",23.9
"Giles","TN","47055",22.6
"Grainger","TN","47057",25.1
"Greene","TN","47059",24.7
"Grundy","TN","47061",25.7
"Hamblen","TN","47063",23.9
"Hamilton","TN","47065",18.3
"Hancock","TN","47067",28.5
"Hardeman","TN","47069",26.6
"Hardin","TN","47071",23.9
"Hawkins","TN","47073",23.3
"Haywood","TN","47075",25.2
"Henderson","TN","47077",25.2
"Henry","TN","47079",23.9
"Hickman","TN","47081",24.8
"Houston","TN","47083",24.2
"Humphreys","TN","47085",24.7
"Jackson","TN","47087",25.7
"Jefferson","TN","47089",22.2
"Johnson","TN","47091",26.9
"Knox","TN","47093",18.1
"Lake","TN","47095",29.8
"Lauderdale","TN","47097",28
"Lawrence","TN","47099",24.9
"Lewis","TN","47101",25.5
"Lincoln","TN","47103",21.7
"Loudon","TN","47105",18.6
"McMinn","TN","47107",23.4
"McNairy","TN","47109",26.3
"Macon","TN","47111",26.1
"Madison","TN","47113",20.7
"Marion","TN","47115",25.2
"Marshall","TN","47117",23.6
"Maury","TN","47119",20.3
"Meigs","TN","47121",24.7
"Monroe","TN","47123",24.4
"Montgomery","TN","47125",20.3
"Moore","TN","47127",21.5
"Morgan","TN","47129",27.6
"Obion","TN","47131",24.3
"Overton","TN","47133",26.4
"Perry","TN","47135",27
"Pickett","TN","47137",24.1
"Polk","TN","47139",23.9
"Putnam","TN","47141",20.8
"Rhea","TN","47143",24.1
"Roane","TN","47145",20.5
"Robertson","TN","47147",21.5
"Rutherford","TN","47149",17.7
"Scott","TN","47151",28.8
"Sequatchie","TN","47153",24.7
"Sevier","TN","47155",22.4
"Shelby","TN","47157",18.3
"Smith","TN","47159",24.1
"Stewart","TN","47161",22.3
"Sullivan","TN","47163",21.8
"Sumner","TN","47165",20.2
"Tipton","TN","47167",22.6
"Trousdale","TN","47169",23.4
"Unicoi","TN","47171",23.5
"Union","TN","47173",26.9
"Van Buren","TN","47175",26.7
"Warren","TN","47177",25.4
"Washington","TN","47179",20.4
"Wayne","TN","47181",26.4
"Weakley","TN","47183",22.5
"White","TN","47185",25.1
"Williamson","TN","47187",12.8
"Wilson","TN","47189",18.1
"Anderson","TX","48001",22.4
"Andrews","TX","48003",18.2
"Angelina","TX","48005",21.2
"Aransas","TX","48007",18.9
"Archer","TX","48009",18.1
"Armstrong","TX","48011",15.9
"Atascosa","TX","48013",16.7
"Austin","TX","48015",17
"Bailey","TX","48017",16.1
"Bandera","TX","48019",16.9
"Bastrop","TX","48021",18.2
"Baylor","TX","48023",17.9
"Bee","TX","48025",19.5
"Bell","TX","48027",17.6
"Bexar","TX","48029",14.5
"Blanco","TX","48031",15.7
"Borden","TX","48033",11.8
"Bosque","TX","48035",18
"Bowie","TX","48037",19.9
"Brazoria","TX","48039",15.8
"Brazos","TX","48041",15.3
"Brewster","TX","48043",14.4
"Briscoe","TX","48045",19.8
"Brooks","TX","48047",18.5
"Brown","TX","48049",18.2
"Burleson","TX","48051",17.9
"Burnet","TX","48053",17.2
"Caldwell","TX","48055",18.6
"Calhoun","TX","48057",16.4
"Callahan","TX","48059",18.5
"Cameron","TX","48061",16.3
"Camp","TX","48063",18.8
"Carson","TX","48065",16.3
"Cass","TX","48067",21
"Castro","TX","48069",16.4
"Chambers","TX","48071",17.6
"Cherokee","TX","48073",20.6
"Childress","TX","48075",19.9
"Clay","TX","48077",17.4
"Cochran","TX","48079",22.4
"Coke","TX","48081",17.6
"Coleman","TX","48083",18.6
"Collin","TX","48085",12.2
"Collingsworth","TX","48087",20.5
"Colorado","TX","48089",17.8
"Comal","TX","48091",13.6
"Comanche","TX","48093",17.2
"Concho","TX","48095",19.8
"Cooke","TX","48097",18.2
"Coryell","TX","48099",19.5
"Cottle","TX","48101",21
"Crane","TX","48103",15.9
"Crockett","TX","48105",17.5
"Crosby","TX","48107",19
"Culberson","TX","48109",20
"Dallam","TX","48111",22.7
"Dallas","TX","48113",16.5
"Dawson","TX","48115",21.5
"Deaf Smith","TX","48117",18
"Delta","TX","48119",19.5
"Denton","TX","48121",13.3
"DeWitt","TX","48123",20.2
"Dickens","TX","48125",19.3
"Dimmit","TX","48127",20.7
"Donley","TX","48129",16.9
"Duval","TX","48131",15.9
"Eastland","TX","48133",19.9
"Ector","TX","48135",17.4
"Edwards","TX","48137",19.1
"Ellis","TX","48139",16.9
"El Paso","TX","48141",14.4
"Erath","TX","48143",16.3
"Falls","TX","48145",22.5
"Fannin","TX","48147",20.5
"Fayette","TX","48149",16.6
"Fisher","TX","48151",16.4
"Floyd","TX","48153",17.5
"Foard","TX","48155",19.3
"Fort Bend","TX","48157",13
"Franklin","TX","48159",15.2
"Freestone","TX","48161",21.1
"Frio","TX","48163",18.2
"Gaines","TX","48165",22
"Galveston","TX","48167",16.3
"Garza","TX","48169",20.2
"Gillespie","TX","48171",13.9
"Glasscock","TX","48173",19.9
"Goliad","TX","48175",17.8
"Gonzales","TX","48177",18.9
"Gray","TX","48179",20.8
"Grayson","TX","48181",18
"Gregg","TX","48183",19.8
"Grimes","TX","48185",21.1
"Guadalupe","TX","48187",15.8
"Hale","TX","48189",18.1
"Hall","TX","48191",19.7
"Hamilton","TX","48193",19.4
"Hansford","TX","48195",18.9
"Hardeman","TX","48197",19.2
"Hardin","TX","48199",19.9
"Harris","TX","48201",16.1
"Harrison","TX","48203",20
"Hartley","TX","48205",17.4
"Haskell","TX","48207",21
"Hays","TX","48209",14.4
"Hemphill","TX","48211",16.9
"Henderson","TX","48213",20.3
"Hidalgo","TX","48215",16.4
"Hill","TX","48217",18.7
"Hockley","TX","48219",18.4
"Hood","TX","48221",15.8
"Hopkins","TX","48223",19.5
"Houston","TX","48225",22.4
"Howard","TX","48227",20.2
"Hudspeth","TX","48229",22
"Hunt","TX","48231",19.4
"Hutchinson","TX","48233",18.8
"Irion","TX","48235",16.1
"Jack","TX","48237",22
"Jackson","TX","48239",18.4
"Jasper","TX","48241",23.4
"Jeff Davis","TX","48243",17.9
"Jefferson","TX","48245",19.8
"Jim Hogg","TX","48247",17.5
"Jim Wells","TX","48249",16.5
"Johnson","TX","48251",19.2
"Jones","TX","48253",21.4
"Karnes","TX","48255",18.9
"Kaufman","TX","48257",18.3
"Kendall","TX","48259",12.9
"Kenedy","TX","48261",5.2
"Kent","TX","48263",13.6
"Kerr","TX","48265",15.5
"Kimble","TX","48267",18.5
"King","TX","48269",26.6
"Kinney","TX","48271",16.4
"Kleberg","TX","48273",14.6
"Knox","TX","48275",18.5
"Lamar","TX","48277",20.4
"Lamb","TX","48279",19.8
"Lampasas","TX","48281",17.9
"La Salle","TX","48283",16.4
"Lavaca","TX","48285",18.3
"Lee","TX","48287",20.2
"Leon","TX","48289",21.3
"Liberty","TX","48291",22.5
"Limestone","TX","48293",20.6
"Lipscomb","TX","48295",17
"Live Oak","TX","48297",21.3
"Llano","TX","48299",16.1
"Loving","TX","48301",15.7
"Lubbock","TX","48303",15.8
"Lynn","TX","48305",19.6
"McCulloch","TX","48307",18.7
"McLennan","TX","48309",17.7
"McMullen","TX","48311",17.4
"Madison","TX","48313",19.5
"Marion","TX","48315",20.9
"Martin","TX","48317",17.7
"Mason","TX","48319",14
"Matagorda","TX","48321",18.7
"Maverick","TX","48323",16.3
"Medina","TX","48325",15.5
"Menard","TX","48327",14.5
"Midland","TX","48329",15.8
"Milam","TX","48331",19.5
"Mills","TX","48333",17.7
"Mitchell","TX","48335",19
"Montague","TX","48337",19.5
"Montgomery","TX","48339",15.8
"Moore","TX","48341",18.4
"Morris","TX","48343",20.6
"Motley","TX","48345",16.4
"Nacogdoches","TX","48347",18.8
"Navarro","TX","48349",20
"Newton","TX","48351",24.9
"Nolan","TX","48353",19.5
"Nueces","TX","48355",17
"Ochiltree","TX","48357",19.6
"Oldham","TX","48359",17.5
"Orange","TX","48361",19.8
"Palo Pinto","TX","48363",19.3
"Panola","TX","48365",20.5
"Parker","TX","48367",17.6
"Parmer","TX","48369",17.4
"Pecos","TX","48371",18.6
"Polk","TX","48373",24.2
"Potter","TX","48375",21.7
"Presidio","TX","48377",21.7
"Rains","TX","48379",19.8
"Randall","TX","48381",15.9
"Reagan","TX","48383",16.6
"Real","TX","48385",19.6
"Red River","TX","48387",20.8
"Reeves","TX","48389",18.8
"Refugio","TX","48391",17.4
"Roberts","TX","48393",16.7
"Robertson","TX","48395",19.6
"Rockwall","TX","48397",13.9
"Runnels","TX","48399",18.6
"Rusk","TX","48401",20.3
"Sabine","TX","48403",20.6
"San Augustine","TX","48405",22.7
"San Jacinto","TX","48407",21.2
"San Patricio","TX","48409",19.2
"San Saba","TX","48411",19.7
"Schleicher","TX","48413",17.1
"Scurry","TX","48415",19.5
"Shackelford","TX","48417",16.4
"Shelby","TX","48419",22.5
"Sherman","TX","48421",17.5
"Smith","TX","48423",17.1
"Somervell","TX","48425",17.3
"Starr","TX","48427",20.3
"Stephens","TX","48429",20.5
"Sterling","TX","48431",17.7
"Stonewall","TX","48433",19.8
"Sutton","TX","48435",16.1
"Swisher","TX","48437",21.7
"Tarrant","TX","48439",16
"Taylor","TX","48441",18.8
"Terrell","TX","48443",14.6
"Terry","TX","48445",21.7
"Throckmorton","TX","48447",18.9
"Titus","TX","48449",19.7
"Tom Green","TX","48451",15.8
"Travis","TX","48453",12.4
"Trinity","TX","48455",21.5
"Tyler","TX","48457",22.2
"Upshur","TX","48459",20.9
"Upton","TX","48461",17.4
"Uvalde","TX","48463",16.9
"Val Verde","TX","48465",17.1
"Van Zandt","TX","48467",20.2
"Victoria","TX","48469",17
"Walker","TX","48471",20.1
"Waller","TX","48473",16.3
"Ward","TX","48475",18.5
"Washington","TX","48477",16.2
"Webb","TX","48479",16.4
"Wharton","TX","48481",18.3
"Wheeler","TX","48483",21
"Wichita","TX","48485",18.7
"Wilbarger","TX","48487",22.5
"Willacy","TX","48489",19.1
"Williamson","TX","48491",12.7
"Wilson","TX","48493",16.3
"Winkler","TX","48495",18
"Wise","TX","48497",19.2
"Wood","TX","48499",18.8
"Yoakum","TX","48501",17
"Young","TX","48503",18.9
"Zapata","TX","48505",18.5
"Zavala","TX","48507",18.8
"Beaver","UT","49001",9.5
"Box Elder","UT","49003",10.3
"Cache","UT","49005",8.4
"Carbon","UT","49007",11.8
"Daggett","UT","49009",9.8
"Davis","UT","49011",7.9
"Duchesne","UT","49013",13.5
"Emery","UT","49015",11.4
"Garfield","UT","49017",10.8
"Grand","UT","49019",10.9
"Iron","UT","49021",11
"Juab","UT","49023",11.8
"Kane","UT","49025",10.1
"Millard","UT","49027",10.8
"Morgan","UT","49029",8.2
"Piute","UT","49031",11.6
"Rich","UT","49033",10.3
"Salt Lake","UT","49035",9.2
"San Juan","UT","49037",15.1
"Sanpete","UT","49039",10.9
"Sevier","UT","49041",11.3
"Summit","UT","49043",7
"Tooele","UT","49045",11.5
"Uintah","UT","49047",14.1
"Utah","UT","49049",6.3
"Wasatch","UT","49051",8
"Washington","UT","49053",8.4
"Wayne","UT","49055",10.4
"Weber","UT","49057",10.6
"Addison","VT","50001",11.9
"Bennington","VT","50003",14
"Caledonia","VT","50005",16
"Chittenden","VT","50007",11.1
"Essex","VT","50009",18.7
"Franklin","VT","50011",16.1
"Grand Isle","VT","50013",13
"Lamoille","VT","50015",14.1
"Orange","VT","50017",14.7
"Orleans","VT","50019",17.6
"Rutland","VT","50021",13.9
"Washington","VT","50023",13.1
"Windham","VT","50025",14.5
"Windsor","VT","50027",14.1
"Accomack","VA","51001",19.9
"Albemarle","VA","51003",11.4
"Alleghany","VA","51005",20.1
"Amelia","VA","51007",19.6
"Amherst","VA","51009",18.4
"Appomattox","VA","51011",18.8
"Arlington","VA","51013",9.3
"Augusta","VA","51015",18.5
"Bath","VA","51017",20.3
"Bedford","VA","51019",16.3
"Bland","VA","51021",20
"Botetourt","VA","51023",16
"Brunswick","VA","51025",21.7
"Buchanan","VA","51027",25.5
"Buckingham","VA","51029",22.2
"Campbell","VA","51031",19
"Caroline","VA","51033",18.1
"Carroll","VA","51035",21.1
"Charles City","VA","51036",19.6
"Charlotte","VA","51037",21.9
"Chesterfield","VA","51041",14.4
"Clarke","VA","51043",14.6
"Craig","VA","51045",17
"Culpeper","VA","51047",17.2
"Cumberland","VA","51049",18.1
"Dickenson","VA","51051",24.8
"Dinwiddie","VA","51053",18.7
"Essex","VA","51057",20.1
"Fairfax","VA","51059",9.4
"Fauquier","VA","51061",14.4
"Floyd","VA","51063",18.7
"Fluvanna","VA","51065",14.3
"Franklin","VA","51067",18.3
"Frederick","VA","51069",16.5
"Giles","VA","51071",18.5
"Gloucester","VA","51073",16.8
"Goochland","VA","51075",13.2
"Grayson","VA","51077",20.8
"Greene","VA","51079",16.9
"Greensville","VA","51081",22.8
"Halifax","VA","51083",19.5
"Hanover","VA","51085",13.7
"Henrico","VA","51087",14.1
"Henry","VA","51089",21.9
"Highland","VA","51091",15.7
"Isle of Wight","VA","51093",16.6
"James City","VA","51095",11.5
"King and Queen","VA","51097",16.8
"King George","VA","51099",15.2
"King William","VA","51101",17.1
"Lancaster","VA","51103",14.5
"Lee","VA","51105",24.8
"Loudoun","VA","51107",10
"Louisa","VA","51109",18.6
"Lunenburg","VA","51111",21.4
"Madison","VA","51113",17.5
"Mathews","VA","51115",14.2
"Mecklenburg","VA","51117",19.4
"Middlesex","VA","51119",15.9
"Montgomery","VA","51121",14.6
"Nelson","VA","51125",16.2
"New Kent","VA","51127",15.7
"Northampton","VA","51131",17.4
"Northumberland","VA","51133",14.2
"Nottoway","VA","51135",21.3
"Orange","VA","51137",17.4
"Page","VA","51139",20.9
"Patrick","VA","51141",19.4
"Pittsylvania","VA","51143",20.9
"Powhatan","VA","51145",16
"Prince Edward","VA","51147",17.5
"Prince George","VA","51149",17.5
"Prince William","VA","51153",13
"Pulaski","VA","51155",19
"Rappahannock","VA","51157",14.7
"Richmond","VA","51159",21.3
"Roanoke","VA","51161",15.3
"Rockbridge","VA","51163",17.2
"Rockingham","VA","51165",15.8
"Russell","VA","51167",22.9
"Scott","VA","51169",20.7
"Shenandoah","VA","51171",18.8
"Smyth","VA","51173",21.6
"Southampton","VA","51175",18.2
"Spotsylvania","VA","51177",15
"Stafford","VA","51179",14.3
"Surry","VA","51181",18.9
"Sussex","VA","51183",21.1
"Tazewell","VA","51185",21.1
"Warren","VA","51187",18.8
"Washington","VA","51191",18.4
"Westmoreland","VA","51193",19.2
"Wise","VA","51195",24.1
"Wythe","VA","51197",19.4
"York","VA","51199",12.9
"Alexandria City","VA","51510",11.6
"Bedford City","VA","51515",NA
"Bristol City","VA","51520",21.8
"Buena Vista City","VA","51530",21.1
"Charlottesville City","VA","51540",15
"Chesapeake City","VA","51550",15
"Colonial Heights City","VA","51570",16.7
"Covington City","VA","51580",20.3
"Danville City","VA","51590",21.7
"Emporia City","VA","51595",23.9
"Fairfax City","VA","51600",10.9
"Falls Church City","VA","51610",8.4
"Franklin City","VA","51620",19.7
"Fredericksburg City","VA","51630",13.9
"Galax City","VA","51640",22.8
"Hampton City","VA","51650",17.5
"Harrisonburg City","VA","51660",16.7
"Hopewell City","VA","51670",23.3
"Lexington City","VA","51678",13.2
"Lynchburg City","VA","51680",15.4
"Manassas City","VA","51683",15.1
"Manassas Park City","VA","51685",16.4
"Martinsville City","VA","51690",21.1
"Newport News City","VA","51700",17.4
"Norfolk City","VA","51710",18.3
"Norton City","VA","51720",23.3
"Petersburg City","VA","51730",21.7
"Poquoson City","VA","51735",13.3
"Portsmouth City","VA","51740",19.1
"Radford City","VA","51750",17.6
"Richmond City","VA","51760",17
"Roanoke City","VA","51770",20.6
"Salem City","VA","51775",15.5
"Staunton City","VA","51790",17.3
"Suffolk City","VA","51800",16.1
"Virginia Beach City","VA","51810",14.3
"Waynesboro City","VA","51820",18.6
"Williamsburg City","VA","51830",12.2
"Winchester City","VA","51840",16.7
"Adams","WA","53001",17
"Asotin","WA","53003",18
"Benton","WA","53005",14
"Chelan","WA","53007",14.6
"Clallam","WA","53009",14.6
"Clark","WA","53011",13.6
"Columbia","WA","53013",14.3
"Cowlitz","WA","53015",18.1
"Douglas","WA","53017",15.4
"Ferry","WA","53019",18.4
"Franklin","WA","53021",15.4
"Garfield","WA","53023",13
"Grant","WA","53025",16.5
"Grays Harbor","WA","53027",18.3
"Island","WA","53029",12.5
"Jefferson","WA","53031",12.3
"King","WA","53033",9.6
"Kitsap","WA","53035",13.2
"Kittitas","WA","53037",14.8
"Klickitat","WA","53039",16.1
"Lewis","WA","53041",16.9
"Lincoln","WA","53043",14.6
"Mason","WA","53045",16.9
"Okanogan","WA","53047",19.1
"Pacific","WA","53049",16.1
"Pend Oreille","WA","53051",16.2
"Pierce","WA","53053",15
"San Juan","WA","53055",10.3
"Skagit","WA","53057",13.6
"Skamania","WA","53059",16
"Snohomish","WA","53061",13.6
"Spokane","WA","53063",14.4
"Stevens","WA","53065",17
"Thurston","WA","53067",14.3
"Wahkiakum","WA","53069",14.5
"Walla Walla","WA","53071",14.1
"Whatcom","WA","53073",14.5
"Whitman","WA","53075",13.2
"Yakima","WA","53077",17
"Barbour","WV","54001",23.6
"Berkeley","WV","54003",21.5
"Boone","WV","54005",25.2
"Braxton","WV","54007",25.9
"Brooke","WV","54009",20.3
"Cabell","WV","54011",21.9
"Calhoun","WV","54013",25.6
"Clay","WV","54015",28.4
"Doddridge","WV","54017",24.1
"Fayette","WV","54019",25.1
"Gilmer","WV","54021",22.4
"Grant","WV","54023",23
"Greenbrier","WV","54025",22.4
"Hampshire","WV","54027",23.4
"Hancock","WV","54029",22.2
"Hardy","WV","54031",23.9
"Harrison","WV","54033",21.8
"Jackson","WV","54035",23.1
"Jefferson","WV","54037",17.7
"Kanawha","WV","54039",22
"Lewis","WV","54041",24.3
"Lincoln","WV","54043",26.8
"Logan","WV","54045",29.2
"McDowell","WV","54047",32.4
"Marion","WV","54049",21.8
"Marshall","WV","54051",21.8
"Mason","WV","54053",22.5
"Mercer","WV","54055",23.8
"Mineral","WV","54057",20.2
"Mingo","WV","54059",28.7
"Monongalia","WV","54061",17.4
"Monroe","WV","54063",22.3
"Morgan","WV","54065",21.4
"Nicholas","WV","54067",23.7
"Ohio","WV","54069",18.9
"Pendleton","WV","54071",21.9
"Pleasants","WV","54073",23.5
"Pocahontas","WV","54075",24.4
"Preston","WV","54077",22.9
"Putnam","WV","54079",18.3
"Raleigh","WV","54081",24
"Randolph","WV","54083",23.9
"Ritchie","WV","54085",23.9
"Roane","WV","54087",25.7
"Summers","WV","54089",23.8
"Taylor","WV","54091",22.7
"Tucker","WV","54093",20.6
"Tyler","WV","54095",22.3
"Upshur","WV","54097",23.9
"Wayne","WV","54099",25.7
"Webster","WV","54101",28
"Wetzel","WV","54103",23.1
"Wirt","WV","54105",26.6
"Wood","WV","54107",22
"Wyoming","WV","54109",27.5
"Adams","WI","55001",19.2
"Ashland","WI","55003",20.8
"Barron","WI","55005",18.4
"Bayfield","WI","55007",15.6
"Brown","WI","55009",16.5
"Buffalo","WI","55011",17.4
"Burnett","WI","55013",17.5
"Calumet","WI","55015",15.3
"Chippewa","WI","55017",18
"Clark","WI","55019",21.8
"Columbia","WI","55021",16.8
"Crawford","WI","55023",18.1
"Dane","WI","55025",11.8
"Dodge","WI","55027",17.7
"Door","WI","55029",13.8
"Douglas","WI","55031",17.3
"Dunn","WI","55033",15.8
"Eau Claire","WI","55035",14.6
"Florence","WI","55037",17.7
"Fond du Lac","WI","55039",16.3
"Forest","WI","55041",21
"Grant","WI","55043",17.9
"Green","WI","55045",17
"Green Lake","WI","55047",17.8
"Iowa","WI","55049",15.9
"Iron","WI","55051",16.6
"Jackson","WI","55053",19.9
"Jefferson","WI","55055",16.9
"Juneau","WI","55057",20
"Kenosha","WI","55059",16.8
"Kewaunee","WI","55061",16.6
"La Crosse","WI","55063",15
"Lafayette","WI","55065",18.3
"Langlade","WI","55067",19.3
"Lincoln","WI","55069",17.4
"Manitowoc","WI","55071",17
"Marathon","WI","55073",17
"Marinette","WI","55075",18.4
"Marquette","WI","55077",18.5
"Menominee","WI","55078",28.7
"Milwaukee","WI","55079",18
"Monroe","WI","55081",19.2
"Oconto","WI","55083",18.1
"Oneida","WI","55085",15.5
"Outagamie","WI","55087",15.5
"Ozaukee","WI","55089",11.9
"Pepin","WI","55091",18.2
"Pierce","WI","55093",14.8
"Polk","WI","55095",16.7
"Portage","WI","55097",15.1
"Price","WI","55099",18.2
"Racine","WI","55101",17.7
"Richland","WI","55103",18.3
"Rock","WI","55105",17.8
"Rusk","WI","55107",19.2
"St. Croix","WI","55109",14.3
"Sauk","WI","55111",17
"Sawyer","WI","55113",19.1
"Shawano","WI","55115",20.2
"Sheboygan","WI","55117",15.6
"Taylor","WI","55119",18.8
"Trempealeau","WI","55121",17.3
"Vernon","WI","55123",19.1
"Vilas","WI","55125",16.6
"Walworth","WI","55127",15.5
"Washburn","WI","55129",17.8
"Washington","WI","55131",14.8
"Waukesha","WI","55133",12.3
"Waupaca","WI","55135",17.3
"Waushara","WI","55137",18
"Winnebago","WI","55139",16.4
"Wood","WI","55141",17.2
"Albany","WY","56001",13.3
"Big Horn","WY","56003",17.5
"Campbell","WY","56005",20
"Carbon","WY","56007",19.6
"Converse","WY","56009",18.1
"Crook","WY","56011",16.7
"Fremont","WY","56013",20.8
"Goshen","WY","56015",16.9
"Hot Springs","WY","56017",17.9
"Johnson","WY","56019",16.3
"Laramie","WY","56021",17.6
"Lincoln","WY","56023",17.3
"Natrona","WY","56025",20
"Niobrara","WY","56027",21
"Park","WY","56029",14.6
"Platte","WY","56031",17.3
"Sheridan","WY","56033",16.5
"Sublette","WY","56035",15.9
"Sweetwater","WY","56037",17.5
"Teton","WY","56039",12.2
"Uinta","WY","56041",18.6
"Washakie","WY","56043",16.7
"Weston","WY","56045",19.5
"Eastern","AS","60010",NA
"Manu'a","AS","60020",NA
"Rose Island","AS","60030",NA
"Swains Island","AS","60040",NA
"Western","AS","60050",NA
"Guam","GU","66010",NA
"Northern Islands","MP","69085",NA
"Rota","MP","69100",NA
"Saipan","MP","69110",NA
"Tinian","MP","69120",NA
"Adjuntas","PR","72001",NA
"Aguada","PR","72003",NA
"Aguadilla","PR","72005",NA
"Aguas Buenas","PR","72007",NA
"Aibonito","PR","72009",NA
"Aasco","PR","72011",NA
"Arecibo","PR","72013",NA
"Arroyo","PR","72015",NA
"Barceloneta","PR","72017",NA
"Barranquitas","PR","72019",NA
"Bayamn","PR","72021",NA
"Cabo Rojo","PR","72023",NA
"Caguas","PR","72025",NA
"Camuy","PR","72027",NA
"Canvanas","PR","72029",NA
"Carolina","PR","72031",NA
"Catao","PR","72033",NA
"Cayey","PR","72035",NA
"Ceiba","PR","72037",NA
"Ciales","PR","72039",NA
"Cidra","PR","72041",NA
"Coamo","PR","72043",NA
"Comero","PR","72045",NA
"Corozal","PR","72047",NA
"Culebra","PR","72049",NA
"Dorado","PR","72051",NA
"Fajardo","PR","72053",NA
"Florida","PR","72054",NA
"Gunica","PR","72055",NA
"Guayama","PR","72057",NA
"Guayanilla","PR","72059",NA
"Guaynabo","PR","72061",NA
"Gurabo","PR","72063",NA
"Hatillo","PR","72065",NA
"Hormigueros","PR","72067",NA
"Humacao","PR","72069",NA
"Isabela","PR","72071",NA
"Jayuya","PR","72073",NA
"Juana Daz","PR","72075",NA
"Juncos","PR","72077",NA
"Lajas","PR","72079",NA
"Lares","PR","72081",NA
"Las Maras","PR","72083",NA
"Las Piedras","PR","72085",NA
"Loza","PR","72087",NA
"Luquillo","PR","72089",NA
"Manat","PR","72091",NA
"Maricao","PR","72093",NA
"Maunabo","PR","72095",NA
"Mayagez","PR","72097",NA
"Moca","PR","72099",NA
"Morovis","PR","72101",NA
"Naguabo","PR","72103",NA
"Naranjito","PR","72105",NA
"Orocovis","PR","72107",NA
"Patillas","PR","72109",NA
"Peuelas","PR","72111",NA
"Ponce","PR","72113",NA
"Quebradillas","PR","72115",NA
"Rincn","PR","72117",NA
"Ro Grande","PR","72119",NA
"Sabana Grande","PR","72121",NA
"Salinas","PR","72123",NA
"San Germn","PR","72125",NA
"San Juan","PR","72127",NA
"San Lorenzo","PR","72129",NA
"San Sebastin","PR","72131",NA
"Santa Isabel","PR","72133",NA
"Toa Alta","PR","72135",NA
"Toa Baja","PR","72137",NA
"Trujillo Alto","PR","72139",NA
"Utuado","PR","72141",NA
"Vega Alta","PR","72143",NA
"Vega Baja","PR","72145",NA
"Vieques","PR","72147",NA
"Villalba","PR","72149",NA
"Yabucoa","PR","72151",NA
"Yauco","PR","72153",NA
"St. Croix","VI","78010",NA
"St. John","VI","78020",NA
"St. Thomas","VI","78030",NA
