FIPS,Location,2014_mortality_ast,perc_mortality_change_ast,2014_mortality_resp,perc_mortality_change_resp,2014_mortality_cwp,perc_mortality_change_cwp
48001,"Anderson County, Texas","1.47 (1.10, 1.94)","-27.82 (-47.77, 5.12)","79.53 (74.91, 84.25)","107.36 (88.20, 127.62)","0.01 (0.00, 0.07)","-16.69 (-85.22, 269.78)"
48003,"Andrews County, Texas","1.49 (1.02, 2.15)","-37.82 (-56.69, -8.78)","99.38 (92.40, 106.82)","103.92 (81.63, 128.72)","0.02 (0.00, 0.08)","-51.18 (-93.60, 152.87)"
48005,"Angelina County, Texas","1.15 (0.88, 1.48)","-35.24 (-51.20, -8.96)","62.14 (59.02, 65.42)","51.80 (38.62, 65.83)","0.02 (0.00, 0.06)","-26.76 (-86.78, 213.26)"
48007,"Aransas County, Texas","1.18 (0.80, 1.65)","-39.71 (-58.86, -8.27)","62.79 (58.82, 67.08)","66.72 (48.93, 87.64)","0.02 (0.00, 0.10)","-52.26 (-95.36, 160.55)"
48009,"Archer County, Texas","0.91 (0.63, 1.26)","-47.01 (-63.01, -22.42)","52.13 (47.62, 57.09)","61.17 (41.57, 83.79)","0.02 (0.00, 0.09)","-5.80 (-87.44, 324.50)"
48011,"Armstrong County, Texas","0.97 (0.64, 1.36)","-44.08 (-61.89, -17.11)","70.20 (62.35, 79.28)","85.61 (59.85, 114.10)","0.03 (0.00, 0.13)","-21.96 (-89.84, 231.07)"
48013,"Atascosa County, Texas","0.83 (0.62, 1.11)","-55.36 (-66.94, -37.58)","49.80 (46.83, 52.96)","29.12 (16.45, 43.26)","0.01 (0.00, 0.04)","-72.09 (-95.48, 23.25)"
48015,"Austin County, Texas","1.14 (0.83, 1.54)","-46.99 (-62.37, -25.44)","50.30 (46.69, 53.93)","47.76 (30.98, 65.56)","0.01 (0.00, 0.05)","-63.68 (-94.78, 53.86)"
48017,"Bailey County, Texas","1.10 (0.76, 1.57)","-48.14 (-63.94, -21.74)","56.82 (51.53, 62.43)","52.99 (33.49, 77.13)","0.04 (0.00, 0.19)","-15.29 (-89.18, 279.71)"
48019,"Bandera County, Texas","0.88 (0.60, 1.26)","-54.66 (-68.28, -32.44)","52.65 (48.95, 56.51)","23.84 (10.12, 38.84)","0.01 (0.00, 0.06)","-51.86 (-91.47, 127.66)"
48021,"Bastrop County, Texas","1.63 (1.20, 2.17)","-54.82 (-68.75, -36.67)","66.67 (62.80, 70.75)","58.74 (43.53, 76.08)","0.01 (0.00, 0.05)","-54.54 (-93.50, 152.75)"
48023,"Baylor County, Texas","1.36 (0.95, 1.92)","-37.81 (-55.76, -10.87)","79.08 (71.94, 86.50)","102.43 (76.67, 131.60)","0.02 (0.00, 0.11)","3.20 (-83.52, 355.43)"
48025,"Bee County, Texas","1.12 (0.79, 1.60)","-40.93 (-58.79, -11.10)","57.55 (53.01, 61.94)","61.89 (43.52, 83.41)","0.01 (0.00, 0.06)","-55.50 (-94.31, 118.64)"
48027,"Bell County, Texas","0.96 (0.77, 1.21)","-49.49 (-61.16, -32.17)","54.92 (52.58, 57.48)","52.43 (41.18, 64.82)","0.00 (0.00, 0.02)","-53.11 (-91.07, 84.61)"
48029,"Bexar County, Texas","0.83 (0.70, 0.99)","-53.62 (-62.82, -36.26)","44.73 (43.19, 46.45)","13.62 (7.57, 19.82)","0.00 (0.00, 0.01)","-71.84 (-93.56, 12.83)"
48031,"Blanco County, Texas","0.88 (0.62, 1.20)","-55.91 (-69.46, -34.55)","46.98 (42.94, 50.94)","20.36 (7.11, 35.84)","0.01 (0.00, 0.06)","-54.22 (-92.94, 88.64)"
48033,"Borden County, Texas","0.85 (0.56, 1.29)","-51.69 (-67.12, -26.73)","55.93 (47.19, 66.35)","43.26 (20.89, 68.59)","0.01 (0.00, 0.07)","-51.10 (-93.42, 104.00)"
48035,"Bosque County, Texas","1.20 (0.87, 1.59)","-35.39 (-53.54, -8.41)","68.91 (64.34, 73.64)","111.21 (90.06, 133.30)","0.01 (0.00, 0.06)","-26.67 (-87.85, 185.57)"
48037,"Bowie County, Texas","1.41 (1.09, 1.82)","-36.11 (-53.08, -11.11)","67.48 (64.34, 70.77)","69.16 (55.15, 83.53)","0.02 (0.00, 0.07)","-31.59 (-89.46, 219.07)"
48039,"Brazoria County, Texas","0.97 (0.75, 1.23)","-35.14 (-52.49, -7.52)","60.58 (58.00, 63.39)","34.31 (24.51, 44.27)","0.01 (0.00, 0.04)","-59.06 (-93.42, 122.15)"
48041,"Brazos County, Texas","1.39 (1.05, 1.85)","-33.67 (-52.21, -4.98)","50.62 (48.00, 53.36)","49.95 (36.63, 63.63)","0.01 (0.00, 0.06)","-39.15 (-90.50, 191.09)"
48043,"Brewster County, Texas","1.38 (0.84, 2.11)","-60.86 (-75.17, -40.18)","53.53 (48.21, 58.72)","10.32 (-4.36, 27.39)","0.03 (0.00, 0.18)","6.15 (-90.73, 505.24)"
48045,"Briscoe County, Texas","1.14 (0.75, 1.70)","-48.16 (-65.39, -22.34)","87.68 (77.80, 98.51)","109.40 (81.02, 145.74)","0.02 (0.00, 0.12)","-29.19 (-90.40, 246.50)"
48047,"Brooks County, Texas","0.91 (0.63, 1.26)","-49.56 (-65.25, -26.49)","33.46 (29.61, 37.81)","8.98 (-6.19, 24.62)","0.01 (0.00, 0.06)","-49.47 (-93.73, 147.48)"
48049,"Brown County, Texas","1.67 (1.25, 2.27)","-32.92 (-51.53, -5.56)","88.88 (84.06, 93.61)","114.72 (95.84, 136.96)","0.02 (0.00, 0.08)","-10.01 (-83.68, 261.86)"
48051,"Burleson County, Texas","1.13 (0.82, 1.60)","-50.85 (-65.21, -25.97)","52.12 (47.93, 56.85)","53.04 (34.83, 74.41)","0.04 (0.00, 0.17)","-30.84 (-92.06, 257.48)"
48053,"Burnet County, Texas","1.17 (0.87, 1.58)","-48.98 (-62.74, -26.33)","58.82 (55.64, 62.17)","30.91 (19.22, 44.66)","0.02 (0.00, 0.06)","-49.99 (-90.35, 95.54)"
48055,"Caldwell County, Texas","1.22 (0.90, 1.64)","-55.35 (-68.07, -35.69)","50.81 (47.45, 54.73)","30.89 (17.72, 45.47)","0.01 (0.00, 0.03)","-52.82 (-90.82, 71.04)"
48057,"Calhoun County, Texas","1.20 (0.84, 1.66)","-38.54 (-56.39, -7.62)","58.56 (54.21, 63.07)","49.33 (33.31, 67.59)","0.01 (0.00, 0.04)","-50.68 (-94.26, 122.06)"
48059,"Callahan County, Texas","1.40 (0.96, 2.00)","-31.24 (-52.24, 0.28)","74.44 (69.10, 80.49)","103.20 (79.87, 129.92)","0.02 (0.00, 0.09)","-7.88 (-85.53, 300.82)"
48061,"Cameron County, Texas","0.70 (0.55, 0.92)","-53.49 (-67.86, -30.96)","31.22 (29.79, 32.84)","-20.26 (-26.40, -14.00)","0.02 (0.00, 0.06)","-67.85 (-97.18, 188.88)"
48063,"Camp County, Texas","1.55 (1.08, 2.22)","-40.12 (-58.00, -11.39)","78.91 (73.57, 84.64)","95.74 (73.51, 121.63)","0.03 (0.00, 0.14)","-2.85 (-90.69, 394.39)"
48065,"Carson County, Texas","0.97 (0.67, 1.38)","-42.94 (-60.36, -18.01)","84.57 (77.99, 91.89)","99.69 (75.72, 126.73)","0.05 (0.00, 0.20)","-24.86 (-89.49, 227.73)"
48067,"Cass County, Texas","1.29 (0.93, 1.76)","-39.19 (-56.90, -9.20)","60.98 (57.06, 64.85)","68.18 (50.18, 88.85)","0.02 (0.00, 0.10)","-9.11 (-88.81, 307.78)"
48069,"Castro County, Texas","0.98 (0.66, 1.40)","-52.32 (-67.30, -30.63)","62.96 (56.91, 69.33)","68.16 (46.21, 93.07)","0.02 (0.00, 0.12)","-32.27 (-91.28, 254.34)"
48071,"Chambers County, Texas","0.94 (0.64, 1.33)","-51.84 (-66.43, -27.91)","71.56 (67.04, 76.44)","49.81 (33.95, 69.79)","0.02 (0.00, 0.12)","-46.03 (-93.87, 186.78)"
48073,"Cherokee County, Texas","1.27 (0.95, 1.68)","-38.57 (-55.92, -14.94)","64.62 (60.85, 68.43)","66.30 (50.71, 83.01)","0.01 (0.00, 0.06)","-39.20 (-87.48, 167.04)"
48075,"Childress County, Texas","1.34 (0.90, 1.95)","-32.92 (-55.32, 0.58)","86.41 (79.20, 94.23)","115.77 (87.98, 151.16)","0.01 (0.00, 0.08)","-57.72 (-96.03, 87.28)"
48077,"Clay County, Texas","1.04 (0.71, 1.48)","-38.88 (-56.79, -10.21)","62.33 (56.74, 67.61)","81.83 (60.23, 106.43)","0.02 (0.00, 0.10)","-6.43 (-87.72, 313.73)"
48079,"Cochran County, Texas","1.37 (0.92, 1.91)","-46.63 (-62.63, -22.74)","77.98 (69.58, 87.12)","85.77 (59.89, 114.13)","0.03 (0.00, 0.16)","-14.39 (-87.40, 312.47)"
48081,"Coke County, Texas","1.41 (0.90, 2.04)","-36.20 (-57.50, -2.97)","81.07 (73.36, 89.18)","86.47 (61.43, 115.54)","0.02 (0.00, 0.11)","-24.84 (-91.59, 205.62)"
48083,"Coleman County, Texas","1.55 (1.11, 2.09)","-41.54 (-58.22, -16.88)","71.65 (66.43, 77.25)","76.99 (57.75, 98.00)","0.02 (0.00, 0.12)","-9.21 (-87.54, 327.71)"
48085,"Collin County, Texas","0.73 (0.59, 0.92)","-53.25 (-65.09, -31.14)","40.89 (38.89, 43.01)","1.95 (-5.39, 10.40)","0.02 (0.00, 0.06)","-40.43 (-90.39, 211.68)"
48087,"Collingsworth County, Texas","1.26 (0.86, 1.83)","-37.09 (-56.86, -4.83)","78.11 (70.22, 86.90)","160.72 (124.35, 199.99)","0.01 (0.00, 0.08)","-36.34 (-90.36, 171.18)"
48089,"Colorado County, Texas","1.57 (1.14, 2.12)","-47.23 (-62.15, -23.58)","46.55 (43.12, 50.32)","45.37 (28.37, 64.71)","0.01 (0.00, 0.05)","-57.84 (-94.29, 127.02)"
48091,"Comal County, Texas","0.95 (0.71, 1.25)","-45.32 (-62.14, -19.94)","46.88 (44.39, 49.53)","47.33 (33.22, 62.28)","0.01 (0.00, 0.03)","-57.54 (-94.23, 99.44)"
48093,"Comanche County, Texas","1.06 (0.72, 1.51)","-42.54 (-60.48, -17.01)","60.35 (55.76, 65.42)","69.81 (50.62, 92.70)","0.02 (0.00, 0.08)","-29.17 (-89.36, 183.02)"
48095,"Concho County, Texas","1.28 (0.84, 1.86)","-44.19 (-62.06, -18.11)","60.86 (54.36, 68.56)","48.50 (27.90, 70.86)","0.02 (0.00, 0.08)","-20.89 (-87.87, 265.65)"
48097,"Cooke County, Texas","1.03 (0.73, 1.39)","-47.03 (-62.47, -21.93)","52.50 (49.06, 55.93)","43.10 (28.22, 61.33)","0.01 (0.00, 0.06)","-43.21 (-91.54, 145.90)"
48099,"Coryell County, Texas","1.41 (1.03, 1.89)","-40.04 (-56.85, -13.97)","73.91 (69.36, 78.43)","90.24 (70.53, 113.82)","0.01 (0.00, 0.04)","-13.73 (-87.96, 291.26)"
48101,"Cottle County, Texas","1.22 (0.80, 1.74)","-39.66 (-58.46, -12.34)","59.45 (52.09, 67.33)","76.63 (51.11, 106.97)","0.02 (0.00, 0.08)","-21.50 (-87.72, 207.07)"
48103,"Crane County, Texas","1.57 (0.98, 2.37)","-39.49 (-60.86, -10.58)","89.65 (80.46, 99.80)","72.74 (50.90, 101.92)","0.02 (0.00, 0.11)","-38.15 (-93.41, 233.54)"
48105,"Crockett County, Texas","1.31 (0.89, 1.92)","-45.50 (-62.26, -21.82)","64.68 (58.06, 71.58)","24.49 (8.75, 42.67)","0.01 (0.00, 0.05)","-42.20 (-90.47, 146.85)"
48107,"Crosby County, Texas","1.14 (0.81, 1.60)","-44.87 (-60.92, -21.82)","67.03 (60.45, 73.65)","86.28 (62.69, 113.36)","0.02 (0.00, 0.08)","-26.06 (-86.43, 199.22)"
48109,"Culberson County, Texas","1.22 (0.75, 1.81)","-61.26 (-74.04, -42.82)","53.28 (46.07, 60.55)","5.66 (-10.88, 25.21)","0.10 (0.00, 0.52)","33.61 (-82.83, 618.53)"
48111,"Dallam County, Texas","1.27 (0.80, 1.94)","-51.40 (-68.09, -27.32)","97.29 (87.62, 108.21)","83.26 (57.29, 112.72)","0.05 (0.00, 0.28)","-21.61 (-91.40, 245.01)"
48113,"Dallas County, Texas","1.27 (1.12, 1.49)","-50.54 (-59.36, -33.85)","47.90 (46.24, 49.60)","9.60 (4.52, 15.22)","0.01 (0.00, 0.02)","-62.48 (-92.19, 66.27)"
48115,"Dawson County, Texas","1.59 (1.11, 2.22)","-37.98 (-56.30, -10.02)","61.64 (56.94, 66.89)","47.00 (29.72, 67.04)","0.01 (0.00, 0.08)","-37.07 (-92.05, 225.31)"
48117,"Deaf Smith County, Texas","1.09 (0.76, 1.52)","-46.28 (-61.59, -20.97)","64.18 (59.61, 69.01)","61.98 (45.36, 81.52)","0.02 (0.00, 0.11)","-33.30 (-89.11, 171.95)"
48119,"Delta County, Texas","1.33 (0.91, 1.81)","-37.71 (-56.93, -8.14)","66.32 (59.82, 72.83)","71.28 (49.07, 96.51)","0.03 (0.00, 0.14)","-38.04 (-92.32, 187.59)"
48121,"Denton County, Texas","0.80 (0.64, 1.01)","-50.47 (-62.08, -31.46)","61.60 (59.13, 64.26)","34.42 (25.84, 44.27)","0.01 (0.00, 0.05)","-48.50 (-90.68, 149.61)"
48123,"DeWitt County, Texas","1.23 (0.89, 1.65)","-48.17 (-62.69, -27.49)","42.22 (38.96, 45.86)","43.93 (26.79, 63.82)","0.01 (0.00, 0.06)","-64.84 (-95.14, 64.47)"
48125,"Dickens County, Texas","1.20 (0.84, 1.67)","-47.51 (-63.69, -26.28)","72.94 (65.00, 80.91)","73.24 (50.29, 99.35)","0.02 (0.00, 0.08)","-44.16 (-91.51, 137.72)"
48127,"Dimmit County, Texas","0.68 (0.46, 1.00)","-59.85 (-73.29, -39.98)","34.83 (30.85, 38.73)","11.30 (-5.12, 28.03)","0.01 (0.00, 0.04)","-65.70 (-95.15, 54.84)"
48129,"Donley County, Texas","1.30 (0.86, 1.85)","-35.13 (-56.75, -5.98)","91.21 (83.55, 99.94)","145.92 (115.60, 178.21)","0.03 (0.00, 0.13)","-21.86 (-89.68, 241.86)"
48131,"Duval County, Texas","0.93 (0.66, 1.24)","-50.44 (-65.33, -29.02)","41.64 (37.72, 45.75)","30.25 (13.89, 48.26)","0.01 (0.00, 0.04)","-53.39 (-93.18, 98.12)"
48133,"Eastland County, Texas","1.37 (0.97, 1.82)","-33.92 (-52.15, -3.92)","90.07 (84.60, 95.31)","137.71 (113.19, 163.75)","0.03 (0.00, 0.14)","7.67 (-84.66, 315.47)"
48135,"Ector County, Texas","1.92 (1.51, 2.42)","-30.54 (-47.95, -2.14)","105.83 (101.24, 110.32)","87.87 (75.24, 101.55)","0.02 (0.00, 0.08)","-51.26 (-92.35, 134.40)"
48137,"Edwards County, Texas","0.89 (0.58, 1.29)","-58.65 (-71.11, -40.90)","41.51 (35.99, 47.00)","2.25 (-11.98, 18.21)","0.01 (0.00, 0.06)","-35.29 (-90.51, 159.92)"
48139,"Ellis County, Texas","1.35 (1.05, 1.71)","-40.21 (-54.27, -19.63)","62.00 (58.85, 65.28)","53.16 (40.57, 67.31)","0.01 (0.00, 0.02)","-51.39 (-91.62, 116.80)"
48141,"El Paso County, Texas","0.93 (0.76, 1.17)","-63.54 (-73.01, -48.34)","40.36 (38.70, 42.05)","-12.91 (-17.97, -7.27)","0.01 (0.00, 0.03)","-48.75 (-89.97, 191.46)"
48143,"Erath County, Texas","1.17 (0.86, 1.59)","-41.53 (-58.20, -16.28)","62.21 (57.76, 66.47)","66.88 (50.27, 84.30)","0.01 (0.00, 0.05)","-32.74 (-88.75, 182.54)"
48145,"Falls County, Texas","1.58 (1.15, 2.11)","-45.64 (-61.50, -24.18)","54.74 (50.80, 58.86)","48.21 (31.32, 68.77)","0.01 (0.00, 0.06)","-28.98 (-89.88, 185.04)"
48147,"Fannin County, Texas","1.18 (0.85, 1.60)","-38.02 (-55.80, -8.94)","76.17 (71.82, 80.85)","71.75 (56.24, 88.39)","0.02 (0.00, 0.10)","-39.82 (-90.24, 173.87)"
48149,"Fayette County, Texas","1.04 (0.79, 1.37)","-55.85 (-68.82, -36.40)","37.92 (35.34, 40.68)","26.54 (12.79, 41.83)","0.01 (0.00, 0.04)","-71.65 (-94.13, 3.72)"
48151,"Fisher County, Texas","1.29 (0.89, 1.77)","-37.82 (-56.70, -8.68)","61.67 (55.46, 68.26)","65.47 (44.12, 90.38)","0.01 (0.00, 0.06)","-30.94 (-90.40, 202.76)"
48153,"Floyd County, Texas","1.21 (0.83, 1.70)","-35.91 (-55.41, -6.58)","68.01 (62.27, 74.48)","110.32 (83.19, 143.52)","0.02 (0.00, 0.07)","-39.96 (-90.54, 155.56)"
48155,"Foard County, Texas","1.15 (0.76, 1.64)","-44.15 (-61.81, -19.56)","55.60 (48.38, 64.41)","69.87 (43.76, 100.78)","0.02 (0.00, 0.09)","-14.88 (-88.62, 261.92)"
48157,"Fort Bend County, Texas","0.92 (0.74, 1.15)","-44.87 (-58.83, -21.54)","31.98 (30.51, 33.50)","-9.28 (-16.30, -1.66)","0.01 (0.00, 0.03)","-40.25 (-90.55, 164.72)"
48159,"Franklin County, Texas","1.18 (0.81, 1.65)","-42.33 (-59.60, -18.27)","57.11 (52.25, 62.20)","56.84 (37.49, 80.44)","0.02 (0.00, 0.12)","-36.81 (-92.66, 221.77)"
48161,"Freestone County, Texas","1.49 (1.02, 2.08)","-32.43 (-52.52, 1.37)","72.94 (68.00, 77.94)","118.57 (95.23, 147.85)","0.02 (0.00, 0.09)","-11.81 (-86.13, 299.39)"
48163,"Frio County, Texas","0.87 (0.62, 1.19)","-53.25 (-67.00, -32.21)","38.21 (34.47, 41.94)","11.21 (-3.64, 28.01)","0.01 (0.00, 0.03)","-63.69 (-93.82, 48.54)"
48165,"Gaines County, Texas","1.26 (0.86, 1.79)","-50.12 (-64.94, -27.12)","59.76 (55.07, 65.13)","44.11 (27.61, 63.83)","0.04 (0.00, 0.16)","16.22 (-83.54, 450.15)"
48167,"Galveston County, Texas","1.26 (1.01, 1.60)","-36.49 (-52.03, -10.41)","54.54 (52.07, 57.02)","43.23 (33.23, 53.98)","0.04 (0.01, 0.14)","-37.02 (-90.48, 278.18)"
48169,"Garza County, Texas","1.30 (0.90, 1.83)","-43.95 (-60.42, -20.16)","85.60 (77.31, 94.05)","95.70 (71.41, 123.11)","0.01 (0.00, 0.07)","-44.19 (-91.59, 116.59)"
48171,"Gillespie County, Texas","0.81 (0.58, 1.10)","-54.96 (-68.01, -36.40)","38.31 (35.73, 41.14)","13.43 (1.07, 27.84)","0.01 (0.00, 0.05)","-53.85 (-92.85, 87.38)"
48173,"Glasscock County, Texas","0.78 (0.47, 1.17)","-54.22 (-69.27, -30.54)","51.47 (42.68, 60.88)","47.25 (24.15, 76.64)","0.01 (0.00, 0.07)","-30.73 (-91.44, 247.55)"
48175,"Goliad County, Texas","0.91 (0.62, 1.31)","-53.98 (-68.08, -33.31)","41.39 (36.82, 45.87)","42.13 (22.37, 63.15)","0.01 (0.00, 0.05)","-66.82 (-95.66, 56.84)"
48177,"Gonzales County, Texas","1.39 (1.01, 1.88)","-51.98 (-65.57, -31.21)","51.37 (47.69, 55.19)","37.80 (23.22, 52.73)","0.03 (0.00, 0.12)","-52.74 (-93.48, 126.95)"
48179,"Gray County, Texas","1.45 (1.06, 2.01)","-28.49 (-48.41, 1.13)","109.36 (103.37, 115.64)","173.99 (148.31, 203.83)","0.02 (0.00, 0.08)","-43.75 (-92.13, 187.40)"
48181,"Grayson County, Texas","1.08 (0.82, 1.40)","-38.52 (-54.58, -14.15)","80.72 (77.16, 84.62)","103.72 (88.73, 119.29)","0.02 (0.00, 0.06)","-33.91 (-87.97, 192.83)"
48183,"Gregg County, Texas","1.56 (1.19, 1.99)","-30.74 (-51.65, -1.46)","75.78 (72.46, 79.43)","63.01 (51.47, 76.06)","0.03 (0.00, 0.12)","-45.20 (-92.12, 240.53)"
48185,"Grimes County, Texas","1.29 (0.93, 1.74)","-53.99 (-67.56, -34.44)","61.90 (57.47, 66.20)","57.77 (39.85, 77.11)","0.02 (0.00, 0.08)","-25.90 (-90.75, 232.15)"
48187,"Guadalupe County, Texas","0.92 (0.70, 1.22)","-54.09 (-65.93, -36.06)","43.37 (40.92, 45.85)","12.09 (2.34, 23.43)","0.01 (0.00, 0.03)","-65.66 (-94.24, 41.95)"
48189,"Hale County, Texas","1.16 (0.85, 1.59)","-42.09 (-59.01, -18.66)","71.03 (66.46, 75.57)","106.10 (86.60, 129.34)","0.04 (0.00, 0.17)","-19.85 (-89.02, 326.74)"
48191,"Hall County, Texas","1.29 (0.85, 1.89)","-40.85 (-60.12, -13.99)","86.98 (78.53, 95.95)","134.68 (101.37, 173.05)","0.02 (0.00, 0.12)","-8.63 (-88.46, 301.81)"
48193,"Hamilton County, Texas","0.97 (0.66, 1.39)","-40.32 (-57.97, -14.84)","66.31 (61.32, 71.40)","102.21 (78.60, 129.50)","0.01 (0.00, 0.08)","-36.85 (-89.01, 154.52)"
48195,"Hansford County, Texas","1.18 (0.79, 1.74)","-38.21 (-58.47, -7.18)","78.69 (70.71, 87.22)","89.48 (63.67, 117.33)","0.02 (0.00, 0.11)","-39.37 (-91.69, 191.08)"
48197,"Hardeman County, Texas","1.20 (0.81, 1.72)","-42.96 (-61.15, -18.21)","63.09 (56.76, 69.85)","93.37 (67.16, 123.04)","0.01 (0.00, 0.07)","-25.41 (-89.85, 204.95)"
48199,"Hardin County, Texas","1.04 (0.74, 1.43)","-38.22 (-56.26, -10.38)","93.62 (88.69, 98.66)","111.01 (90.89, 131.41)","0.02 (0.00, 0.09)","-30.45 (-89.48, 199.44)"
48201,"Harris County, Texas","0.93 (0.81, 1.07)","-42.48 (-53.40, -22.88)","39.89 (38.53, 41.28)","-5.60 (-10.08, -0.87)","0.01 (0.00, 0.03)","-37.17 (-81.59, 133.35)"
48203,"Harrison County, Texas","1.53 (1.14, 2.02)","-39.90 (-56.01, -15.06)","74.35 (70.36, 78.44)","99.34 (82.01, 118.73)","0.03 (0.00, 0.11)","-11.21 (-88.18, 336.81)"
48205,"Hartley County, Texas","0.93 (0.60, 1.38)","-47.67 (-65.01, -22.64)","61.30 (55.46, 67.31)","59.46 (37.15, 84.59)","0.04 (0.00, 0.20)","-18.58 (-88.82, 308.29)"
48207,"Haskell County, Texas","1.38 (0.96, 1.95)","-39.19 (-57.42, -11.18)","59.28 (53.42, 65.32)","65.74 (44.20, 89.75)","0.02 (0.00, 0.09)","-9.52 (-85.84, 242.91)"
48209,"Hays County, Texas","0.84 (0.61, 1.15)","-55.67 (-67.71, -36.61)","43.77 (41.32, 46.48)","20.29 (9.00, 33.29)","0.01 (0.00, 0.03)","-61.98 (-93.42, 71.31)"
48211,"Hemphill County, Texas","1.03 (0.68, 1.50)","-37.26 (-57.75, -6.10)","78.77 (69.86, 87.75)","133.98 (100.23, 172.50)","0.01 (0.00, 0.08)","-35.66 (-91.90, 188.58)"
48213,"Henderson County, Texas","1.16 (0.92, 1.48)","-37.82 (-53.93, -11.94)","76.58 (72.81, 80.22)","91.75 (76.37, 108.49)","0.01 (0.00, 0.05)","-41.38 (-88.96, 159.24)"
48215,"Hidalgo County, Texas","0.59 (0.49, 0.74)","-61.48 (-72.17, -44.37)","29.31 (28.08, 30.64)","-22.91 (-28.05, -17.30)","0.01 (0.00, 0.03)","-65.50 (-96.12, 156.00)"
48217,"Hill County, Texas","1.22 (0.90, 1.65)","-38.46 (-55.33, -14.62)","72.82 (68.46, 77.26)","108.01 (88.05, 129.27)","0.01 (0.00, 0.05)","-41.66 (-90.74, 140.21)"
48219,"Hockley County, Texas","1.13 (0.81, 1.55)","-42.82 (-59.45, -15.59)","73.77 (68.98, 79.26)","86.89 (67.74, 108.68)","0.03 (0.00, 0.15)","-32.77 (-89.80, 170.82)"
48221,"Hood County, Texas","1.33 (0.95, 1.83)","-36.48 (-55.82, -7.31)","70.98 (67.48, 74.60)","69.79 (53.18, 86.40)","0.01 (0.00, 0.08)","-20.87 (-88.93, 314.06)"
48223,"Hopkins County, Texas","1.38 (0.98, 1.87)","-45.79 (-61.44, -20.76)","64.52 (60.32, 68.71)","47.28 (33.04, 64.58)","0.03 (0.00, 0.11)","-23.95 (-90.77, 293.84)"
48225,"Houston County, Texas","1.59 (1.21, 2.14)","-41.94 (-57.44, -19.87)","67.39 (62.89, 71.61)","79.64 (60.32, 98.51)","0.02 (0.00, 0.07)","-8.36 (-83.44, 285.23)"
48227,"Howard County, Texas","1.55 (1.13, 2.11)","-39.15 (-56.22, -11.59)","104.20 (98.35, 110.44)","85.55 (67.72, 103.58)","0.01 (0.00, 0.07)","-51.09 (-93.55, 129.87)"
48229,"Hudspeth County, Texas","0.96 (0.60, 1.42)","-65.82 (-76.56, -48.29)","33.01 (28.04, 38.58)","-21.69 (-34.74, -6.14)","0.04 (0.00, 0.24)","2.04 (-85.22, 405.89)"
48231,"Hunt County, Texas","1.20 (0.92, 1.55)","-38.00 (-53.70, -13.40)","68.15 (64.74, 71.65)","84.94 (69.18, 101.88)","0.05 (0.01, 0.18)","-4.70 (-83.76, 334.31)"
48233,"Hutchinson County, Texas","1.27 (0.89, 1.82)","-35.20 (-54.80, -1.03)","108.43 (102.63, 114.71)","134.20 (111.26, 159.56)","0.03 (0.00, 0.18)","-35.00 (-93.37, 279.60)"
48235,"Irion County, Texas","1.18 (0.69, 1.81)","-46.74 (-66.36, -13.90)","59.64 (50.46, 69.08)","11.80 (-7.64, 34.72)","0.02 (0.00, 0.08)","-44.54 (-94.73, 172.37)"
48237,"Jack County, Texas","1.33 (0.92, 1.85)","-39.35 (-57.38, -12.77)","72.69 (66.74, 79.01)","55.50 (37.85, 76.81)","0.02 (0.00, 0.09)","-28.82 (-90.45, 192.82)"
48239,"Jackson County, Texas","1.17 (0.82, 1.63)","-45.00 (-62.00, -18.58)","51.55 (47.30, 56.09)","55.43 (37.05, 75.79)","0.01 (0.00, 0.03)","-62.12 (-93.89, 73.20)"
48241,"Jasper County, Texas","1.26 (0.93, 1.69)","-34.84 (-53.94, -6.90)","82.94 (78.27, 87.72)","94.46 (77.15, 113.94)","0.03 (0.00, 0.17)","-34.21 (-90.61, 214.30)"
48243,"Jeff Davis County, Texas","1.01 (0.65, 1.48)","-63.59 (-75.83, -45.60)","37.57 (32.58, 42.86)","-3.21 (-18.64, 15.69)","0.04 (0.00, 0.18)","-13.54 (-89.04, 340.15)"
48245,"Jefferson County, Texas","1.58 (1.28, 1.93)","-32.69 (-49.04, -11.75)","67.43 (64.67, 70.28)","88.26 (76.03, 102.00)","0.01 (0.00, 0.05)","-25.26 (-86.01, 222.18)"
48247,"Jim Hogg County, Texas","0.80 (0.55, 1.12)","-52.19 (-67.16, -27.92)","38.31 (33.68, 43.53)","24.73 (5.42, 45.29)","0.01 (0.00, 0.04)","-62.74 (-95.87, 97.20)"
48249,"Jim Wells County, Texas","1.16 (0.84, 1.56)","-41.66 (-57.30, -15.95)","47.33 (44.33, 50.74)","46.40 (31.48, 64.22)","0.02 (0.00, 0.09)","-55.74 (-94.56, 154.69)"
48251,"Johnson County, Texas","1.29 (1.02, 1.65)","-29.18 (-46.59, -3.11)","76.30 (72.70, 79.88)","83.14 (68.19, 98.37)","0.01 (0.00, 0.03)","-40.34 (-88.84, 143.53)"
48253,"Jones County, Texas","1.56 (1.13, 2.12)","-33.62 (-52.82, -4.70)","68.96 (64.14, 74.12)","67.20 (50.17, 87.38)","0.01 (0.00, 0.07)","-36.84 (-90.81, 181.59)"
48255,"Karnes County, Texas","1.32 (0.94, 1.80)","-45.04 (-60.22, -22.95)","53.05 (48.79, 57.61)","39.66 (23.63, 57.87)","0.01 (0.00, 0.04)","-69.98 (-94.55, 14.24)"
48257,"Kaufman County, Texas","1.19 (0.90, 1.54)","-52.14 (-64.95, -33.04)","77.78 (73.95, 82.16)","55.66 (42.05, 69.68)","0.02 (0.00, 0.08)","-54.90 (-92.60, 117.51)"
48259,"Kendall County, Texas","0.82 (0.57, 1.19)","-52.49 (-67.62, -30.44)","46.39 (43.13, 49.87)","27.13 (12.94, 42.29)","0.01 (0.00, 0.03)","-61.79 (-94.15, 58.63)"
48261,"Kenedy County, Texas","0.74 (0.46, 1.11)","-58.25 (-73.86, -32.50)","31.08 (23.94, 39.62)","-14.81 (-32.41, 8.19)","0.02 (0.00, 0.11)","-42.54 (-96.38, 208.85)"
48263,"Kent County, Texas","1.10 (0.72, 1.66)","-43.43 (-62.12, -16.76)","65.83 (56.60, 75.79)","63.74 (38.35, 92.43)","0.02 (0.00, 0.09)","-27.26 (-88.11, 184.65)"
48265,"Kerr County, Texas","1.14 (0.84, 1.55)","-45.13 (-62.30, -20.68)","52.54 (49.74, 55.63)","16.43 (6.92, 27.42)","0.01 (0.00, 0.05)","-56.57 (-92.65, 106.59)"
48267,"Kimble County, Texas","1.19 (0.82, 1.70)","-44.32 (-62.04, -16.96)","66.18 (59.65, 72.76)","41.24 (23.29, 61.92)","0.02 (0.00, 0.09)","-36.24 (-90.29, 147.25)"
48269,"King County, Texas","0.82 (0.54, 1.24)","-55.86 (-70.14, -34.17)","53.00 (42.90, 64.93)","42.96 (20.82, 70.03)","0.01 (0.00, 0.07)","-18.84 (-84.47, 239.45)"
48271,"Kinney County, Texas","0.86 (0.57, 1.25)","-65.84 (-76.71, -48.55)","37.55 (33.21, 41.98)","-5.12 (-18.91, 11.17)","0.02 (0.00, 0.11)","-24.57 (-92.67, 271.48)"
48273,"Kleberg County, Texas","1.06 (0.74, 1.46)","-47.54 (-63.95, -22.62)","43.00 (39.48, 46.80)","11.05 (-2.39, 26.10)","0.02 (0.00, 0.08)","-51.10 (-95.32, 175.68)"
48275,"Knox County, Texas","1.33 (0.91, 1.89)","-42.81 (-59.95, -15.88)","58.92 (53.10, 65.57)","68.81 (46.39, 94.89)","0.01 (0.00, 0.07)","-30.83 (-89.93, 226.23)"
48277,"Lamar County, Texas","1.94 (1.43, 2.61)","-23.08 (-45.72, 9.33)","82.34 (77.85, 86.95)","107.76 (88.74, 129.29)","0.01 (0.00, 0.07)","-32.00 (-89.52, 198.65)"
48279,"Lamb County, Texas","1.28 (0.90, 1.75)","-44.22 (-59.83, -21.76)","65.94 (60.95, 70.83)","84.49 (64.26, 106.39)","0.02 (0.00, 0.10)","-34.39 (-89.09, 201.50)"
48281,"Lampasas County, Texas","1.00 (0.70, 1.40)","-43.18 (-60.07, -16.30)","67.98 (63.35, 72.58)","71.74 (52.46, 93.26)","0.01 (0.00, 0.05)","-37.59 (-90.21, 164.24)"
48283,"La Salle County, Texas","0.74 (0.50, 1.03)","-63.09 (-74.45, -45.12)","29.55 (25.59, 33.92)","-4.69 (-18.94, 12.48)","0.01 (0.00, 0.04)","-66.83 (-95.46, 50.05)"
48285,"Lavaca County, Texas","1.04 (0.75, 1.38)","-49.88 (-63.68, -29.05)","39.07 (36.10, 41.98)","25.21 (11.06, 40.58)","0.01 (0.00, 0.05)","-72.23 (-95.70, 30.81)"
48287,"Lee County, Texas","1.14 (0.85, 1.52)","-50.10 (-63.27, -29.37)","40.41 (36.67, 43.92)","43.81 (26.35, 63.25)","0.01 (0.00, 0.06)","-50.82 (-93.47, 113.20)"
48289,"Leon County, Texas","1.31 (0.92, 1.82)","-48.17 (-63.63, -24.96)","73.79 (68.65, 78.99)","92.66 (73.59, 116.14)","0.02 (0.00, 0.09)","-32.61 (-89.14, 192.01)"
48291,"Liberty County, Texas","1.19 (0.89, 1.57)","-40.66 (-56.70, -18.22)","91.64 (87.12, 96.49)","73.61 (59.27, 90.10)","0.02 (0.00, 0.07)","-40.58 (-88.87, 161.62)"
48293,"Limestone County, Texas","1.75 (1.28, 2.34)","-36.53 (-53.32, -8.85)","87.06 (81.71, 92.10)","142.37 (120.47, 167.08)","0.01 (0.00, 0.05)","-39.61 (-89.62, 132.58)"
48295,"Lipscomb County, Texas","1.06 (0.68, 1.58)","-47.27 (-64.58, -20.54)","65.06 (57.41, 73.25)","87.47 (58.67, 120.56)","0.02 (0.00, 0.15)","-33.94 (-93.20, 202.85)"
48297,"Live Oak County, Texas","0.87 (0.63, 1.18)","-42.30 (-59.69, -16.87)","41.94 (38.27, 45.55)","40.16 (23.17, 61.41)","0.01 (0.00, 0.06)","-65.90 (-94.78, 60.01)"
48299,"Llano County, Texas","0.98 (0.67, 1.39)","-47.59 (-63.15, -21.19)","55.19 (51.72, 58.95)","30.12 (16.79, 46.40)","0.10 (0.02, 0.33)","-0.66 (-83.28, 406.45)"
48301,"Loving County, Texas","1.18 (0.68, 1.93)","-52.20 (-69.89, -26.30)","92.21 (68.85, 121.35)","63.75 (30.86, 105.00)","0.15 (0.01, 0.86)","53.94 (-84.07, 791.44)"
48303,"Lubbock County, Texas","1.32 (1.06, 1.66)","-44.29 (-57.52, -20.88)","77.22 (74.14, 80.56)","73.89 (62.16, 85.87)","0.02 (0.00, 0.05)","-40.36 (-88.17, 169.96)"
48305,"Lynn County, Texas","1.24 (0.86, 1.74)","-47.01 (-62.41, -22.96)","67.72 (61.49, 74.36)","66.56 (45.89, 91.29)","0.02 (0.00, 0.09)","-37.87 (-90.76, 199.89)"
48307,"McCulloch County, Texas","1.48 (1.01, 2.11)","-39.11 (-57.17, -12.25)","81.68 (75.39, 88.13)","78.68 (56.29, 100.37)","0.03 (0.00, 0.12)","-15.03 (-86.41, 252.08)"
48309,"McLennan County, Texas","1.25 (1.02, 1.57)","-40.44 (-54.86, -16.30)","57.33 (54.81, 60.00)","63.45 (51.64, 75.39)","0.01 (0.00, 0.02)","-38.79 (-86.93, 103.72)"
48311,"McMullen County, Texas","0.58 (0.38, 0.84)","-58.56 (-72.35, -37.60)","30.99 (25.51, 37.69)","11.31 (-7.73, 34.15)","0.02 (0.00, 0.10)","-29.88 (-90.86, 223.20)"
48313,"Madison County, Texas","1.39 (0.99, 1.94)","-40.70 (-57.57, -15.17)","68.66 (63.08, 74.33)","85.09 (63.88, 111.83)","0.06 (0.00, 0.28)","0.34 (-86.72, 342.56)"
48315,"Marion County, Texas","1.55 (1.10, 2.13)","-37.27 (-56.35, -9.79)","97.44 (89.95, 104.86)","146.21 (115.09, 179.33)","0.03 (0.00, 0.16)","-11.57 (-88.30, 365.51)"
48317,"Martin County, Texas","1.14 (0.79, 1.61)","-44.49 (-61.24, -18.20)","70.64 (63.17, 78.15)","70.07 (47.07, 95.21)","0.02 (0.00, 0.08)","-33.14 (-90.93, 219.51)"
48319,"Mason County, Texas","1.07 (0.70, 1.57)","-49.12 (-65.60, -24.10)","53.00 (47.67, 58.35)","26.16 (10.14, 44.69)","0.02 (0.00, 0.10)","-33.45 (-91.00, 199.65)"
48321,"Matagorda County, Texas","1.59 (1.13, 2.22)","-30.53 (-51.08, 5.32)","57.68 (53.89, 61.86)","41.23 (26.41, 59.63)","0.01 (0.00, 0.06)","-45.72 (-92.66, 190.51)"
48323,"Maverick County, Texas","0.73 (0.50, 0.99)","-57.56 (-70.47, -40.15)","36.08 (33.44, 38.91)","8.84 (-3.59, 23.53)","0.01 (0.00, 0.05)","-49.23 (-93.22, 123.23)"
48325,"Medina County, Texas","0.89 (0.65, 1.24)","-54.88 (-67.16, -36.10)","48.60 (45.40, 52.02)","27.19 (13.42, 42.28)","0.01 (0.00, 0.03)","-71.04 (-95.28, 27.90)"
48327,"Menard County, Texas","1.33 (0.88, 1.90)","-43.16 (-60.57, -17.72)","55.06 (49.01, 61.78)","29.49 (11.40, 49.41)","0.02 (0.00, 0.08)","-25.12 (-87.45, 211.91)"
48329,"Midland County, Texas","0.99 (0.73, 1.33)","-47.28 (-61.47, -20.67)","62.43 (59.45, 65.60)","50.68 (38.43, 64.74)","0.01 (0.00, 0.05)","-36.74 (-90.50, 215.59)"
48331,"Milam County, Texas","1.32 (0.96, 1.78)","-37.60 (-55.57, -12.40)","59.38 (55.17, 63.45)","87.79 (69.09, 109.24)","0.02 (0.00, 0.08)","-24.76 (-88.37, 213.89)"
48333,"Mills County, Texas","1.05 (0.69, 1.55)","-42.17 (-59.87, -17.40)","54.97 (49.77, 60.61)","80.53 (55.12, 108.35)","0.03 (0.00, 0.14)","-6.80 (-89.89, 313.46)"
48335,"Mitchell County, Texas","1.48 (1.03, 2.06)","-36.24 (-55.81, -8.02)","93.28 (85.78, 101.35)","102.46 (79.27, 129.08)","0.02 (0.00, 0.08)","-44.71 (-92.82, 144.03)"
48337,"Montague County, Texas","1.15 (0.82, 1.60)","-44.21 (-61.09, -20.04)","69.55 (65.01, 74.29)","73.84 (56.43, 95.02)","0.01 (0.00, 0.06)","-44.33 (-91.03, 125.35)"
48339,"Montgomery County, Texas","0.83 (0.66, 1.07)","-43.78 (-57.89, -20.24)","61.49 (58.85, 63.94)","22.82 (14.55, 32.19)","0.01 (0.00, 0.04)","-42.77 (-89.39, 168.14)"
48341,"Moore County, Texas","1.09 (0.76, 1.53)","-43.71 (-61.67, -16.76)","75.17 (69.87, 80.38)","59.79 (42.80, 78.81)","0.04 (0.00, 0.18)","-23.82 (-88.22, 251.78)"
48343,"Morris County, Texas","1.42 (1.00, 1.93)","-31.23 (-50.63, -3.87)","68.77 (64.03, 74.08)","87.92 (66.75, 109.84)","0.06 (0.00, 0.27)","0.22 (-87.53, 400.27)"
48345,"Motley County, Texas","1.01 (0.65, 1.50)","-48.15 (-64.47, -25.79)","71.38 (62.15, 81.99)","111.99 (80.82, 151.01)","0.03 (0.00, 0.19)","8.28 (-87.50, 354.98)"
48347,"Nacogdoches County, Texas","1.21 (0.88, 1.61)","-33.52 (-52.63, -4.04)","73.46 (69.57, 77.94)","92.13 (74.72, 111.27)","0.01 (0.00, 0.07)","-25.54 (-88.70, 242.38)"
48349,"Navarro County, Texas","1.48 (1.07, 1.98)","-33.84 (-53.37, -4.43)","66.62 (62.81, 70.59)","80.11 (63.52, 98.32)","0.01 (0.00, 0.05)","-40.54 (-90.05, 139.38)"
48351,"Newton County, Texas","1.28 (0.90, 1.76)","-44.47 (-60.67, -20.23)","76.87 (71.20, 82.93)","95.62 (74.96, 119.79)","0.02 (0.00, 0.12)","-38.44 (-90.42, 198.47)"
48353,"Nolan County, Texas","1.54 (1.11, 2.09)","-36.08 (-55.74, -5.66)","79.18 (73.87, 84.81)","94.45 (74.31, 117.10)","0.01 (0.00, 0.08)","-32.93 (-89.70, 177.88)"
48355,"Nueces County, Texas","1.17 (0.93, 1.45)","-46.65 (-60.75, -24.82)","48.61 (46.50, 50.92)","12.79 (5.72, 21.05)","0.01 (0.00, 0.04)","-65.42 (-95.09, 67.73)"
48357,"Ochiltree County, Texas","1.19 (0.78, 1.75)","-42.86 (-61.25, -13.93)","83.33 (75.62, 91.14)","92.08 (65.52, 120.97)","0.01 (0.00, 0.08)","-54.96 (-93.86, 125.25)"
48359,"Oldham County, Texas","1.04 (0.66, 1.56)","-51.13 (-67.67, -25.63)","100.62 (88.81, 112.93)","84.86 (56.47, 115.85)","0.05 (0.00, 0.25)","-24.56 (-90.92, 232.61)"
48361,"Orange County, Texas","1.32 (0.99, 1.76)","-32.18 (-51.18, -1.81)","104.31 (99.52, 109.28)","131.92 (112.80, 152.15)","0.02 (0.00, 0.09)","-41.11 (-90.08, 164.48)"
48363,"Palo Pinto County, Texas","1.43 (1.04, 1.95)","-39.34 (-55.84, -11.99)","85.59 (80.58, 90.52)","65.24 (50.39, 82.03)","0.02 (0.00, 0.10)","-5.07 (-84.87, 290.44)"
48365,"Panola County, Texas","1.37 (0.97, 1.86)","-31.97 (-51.85, -3.63)","80.36 (75.27, 85.54)","116.51 (94.82, 141.34)","0.02 (0.00, 0.10)","-22.25 (-88.90, 259.07)"
48367,"Parker County, Texas","1.23 (0.95, 1.59)","-36.81 (-53.29, -8.82)","72.69 (69.07, 76.66)","66.36 (52.48, 81.34)","0.01 (0.00, 0.04)","-40.53 (-89.47, 154.79)"
48369,"Parmer County, Texas","0.97 (0.66, 1.42)","-53.09 (-67.50, -29.99)","61.38 (55.92, 67.75)","62.99 (40.72, 88.57)","0.03 (0.00, 0.16)","-19.67 (-91.81, 299.85)"
48371,"Pecos County, Texas","1.52 (1.06, 2.15)","-43.00 (-59.51, -19.97)","61.10 (56.32, 66.30)","34.99 (19.41, 54.09)","0.02 (0.00, 0.09)","-25.66 (-88.24, 276.42)"
48373,"Polk County, Texas","1.34 (0.99, 1.78)","-38.87 (-55.91, -16.24)","73.81 (69.76, 78.11)","85.76 (68.79, 104.98)","0.02 (0.00, 0.09)","-26.31 (-89.56, 239.55)"
48375,"Potter County, Texas","1.44 (1.11, 1.88)","-37.68 (-53.25, -11.23)","113.39 (108.45, 118.54)","106.73 (93.60, 120.99)","0.03 (0.00, 0.11)","-32.47 (-88.47, 239.80)"
48377,"Presidio County, Texas","1.04 (0.65, 1.53)","-70.17 (-81.02, -53.59)","26.91 (23.71, 30.73)","-29.87 (-41.50, -15.33)","0.04 (0.00, 0.22)","-12.03 (-92.52, 461.17)"
48379,"Rains County, Texas","1.00 (0.66, 1.49)","-48.76 (-64.95, -21.33)","62.74 (57.76, 68.25)","45.72 (27.43, 66.89)","0.03 (0.00, 0.16)","-30.48 (-94.02, 222.80)"
48381,"Randall County, Texas","0.91 (0.68, 1.22)","-43.58 (-58.30, -18.17)","84.39 (80.43, 88.52)","102.48 (86.20, 119.89)","0.03 (0.00, 0.09)","-11.81 (-84.77, 333.98)"
48383,"Reagan County, Texas","1.26 (0.88, 1.83)","-42.48 (-60.56, -16.04)","74.52 (65.68, 84.51)","54.45 (32.77, 79.34)","0.02 (0.00, 0.07)","-13.78 (-88.29, 286.35)"
48385,"Real County, Texas","0.98 (0.61, 1.45)","-55.22 (-70.55, -32.29)","53.37 (47.21, 59.81)","18.05 (-0.48, 39.95)","0.02 (0.00, 0.10)","-53.15 (-93.84, 139.86)"
48387,"Red River County, Texas","1.50 (1.09, 2.05)","-39.37 (-56.23, -15.33)","65.58 (60.86, 70.18)","82.72 (63.78, 103.42)","0.02 (0.00, 0.10)","-26.65 (-88.52, 195.29)"
48389,"Reeves County, Texas","1.35 (0.95, 1.89)","-54.99 (-67.48, -37.86)","50.82 (46.64, 55.60)","18.14 (3.89, 34.18)","0.04 (0.00, 0.16)","-20.51 (-89.15, 284.99)"
48391,"Refugio County, Texas","1.27 (0.87, 1.76)","-43.39 (-61.84, -16.29)","57.53 (52.21, 63.84)","48.80 (29.91, 69.51)","0.01 (0.00, 0.04)","-69.59 (-95.57, 63.14)"
48393,"Roberts County, Texas","1.08 (0.71, 1.57)","-40.80 (-60.42, -10.20)","87.89 (74.82, 102.44)","119.48 (82.41, 160.77)","0.01 (0.00, 0.06)","-65.04 (-94.34, 64.39)"
48395,"Robertson County, Texas","1.66 (1.20, 2.18)","-45.87 (-60.04, -25.07)","64.77 (60.24, 69.32)","79.59 (60.78, 101.31)","0.01 (0.00, 0.06)","-25.39 (-88.45, 209.44)"
48397,"Rockwall County, Texas","0.84 (0.58, 1.22)","-48.61 (-64.32, -22.36)","54.63 (51.24, 58.10)","22.48 (9.16, 36.89)","0.03 (0.00, 0.16)","-33.74 (-92.33, 199.09)"
48399,"Runnels County, Texas","1.72 (1.21, 2.36)","-38.26 (-56.11, -13.14)","66.56 (61.69, 71.92)","59.91 (41.83, 80.24)","0.02 (0.00, 0.08)","-29.96 (-91.02, 171.29)"
48401,"Rusk County, Texas","1.39 (1.04, 1.80)","-37.36 (-54.45, -14.12)","64.23 (60.56, 68.11)","69.92 (55.39, 86.15)","0.02 (0.00, 0.07)","-38.85 (-90.63, 170.19)"
48403,"Sabine County, Texas","0.95 (0.65, 1.37)","-50.00 (-64.74, -28.38)","69.74 (64.57, 75.11)","91.76 (68.33, 117.28)","0.03 (0.00, 0.16)","-36.73 (-91.60, 219.34)"
48405,"San Augustine County, Texas","1.40 (0.94, 2.00)","-40.99 (-59.01, -14.48)","72.97 (67.55, 78.42)","107.28 (82.81, 133.52)","0.02 (0.00, 0.08)","-29.54 (-88.89, 252.94)"
48407,"San Jacinto County, Texas","1.51 (1.07, 2.05)","-44.14 (-60.59, -20.33)","73.13 (68.57, 77.77)","60.89 (44.79, 80.17)","0.02 (0.00, 0.12)","-12.22 (-87.60, 336.91)"
48409,"San Patricio County, Texas","1.04 (0.75, 1.44)","-43.99 (-59.80, -19.54)","62.00 (58.43, 65.76)","43.78 (31.16, 57.59)","0.01 (0.00, 0.04)","-64.23 (-94.84, 98.38)"
48411,"San Saba County, Texas","1.07 (0.74, 1.47)","-48.74 (-63.45, -28.57)","57.10 (51.45, 62.32)","39.11 (20.61, 58.66)","0.02 (0.00, 0.11)","-27.10 (-87.00, 199.52)"
48413,"Schleicher County, Texas","1.13 (0.75, 1.57)","-46.82 (-62.46, -23.09)","59.04 (52.20, 66.22)","28.07 (10.64, 49.38)","0.01 (0.00, 0.07)","-30.64 (-89.91, 209.49)"
48415,"Scurry County, Texas","1.17 (0.83, 1.62)","-39.97 (-57.89, -11.84)","71.79 (66.65, 77.21)","58.60 (40.18, 79.24)","0.01 (0.00, 0.08)","-35.21 (-91.91, 213.56)"
48417,"Shackelford County, Texas","1.20 (0.80, 1.75)","-40.93 (-59.32, -10.00)","60.00 (52.83, 67.57)","73.54 (49.14, 102.33)","0.02 (0.00, 0.09)","-19.67 (-88.92, 237.49)"
48419,"Shelby County, Texas","1.22 (0.91, 1.62)","-43.16 (-57.77, -21.46)","71.38 (66.71, 76.11)","75.10 (56.49, 95.54)","0.02 (0.00, 0.07)","-43.36 (-90.11, 129.01)"
48421,"Sherman County, Texas","1.10 (0.71, 1.65)","-46.15 (-63.54, -17.53)","69.07 (61.06, 77.18)","58.04 (36.19, 83.45)","0.03 (0.00, 0.17)","-25.78 (-90.50, 212.04)"
48423,"Smith County, Texas","1.16 (0.93, 1.45)","-43.98 (-57.42, -21.53)","58.76 (56.34, 61.48)","52.46 (42.55, 63.65)","0.02 (0.00, 0.06)","-20.71 (-84.09, 239.44)"
48425,"Somervell County, Texas","1.38 (0.88, 2.05)","-30.82 (-54.85, 4.94)","71.11 (64.79, 77.83)","77.98 (53.63, 107.80)","0.02 (0.00, 0.13)","-11.69 (-91.02, 259.16)"
48427,"Starr County, Texas","0.73 (0.51, 1.04)","-63.43 (-75.76, -45.98)","34.16 (31.51, 36.97)","0.15 (-12.39, 14.53)","0.04 (0.00, 0.17)","-24.67 (-92.48, 306.19)"
48429,"Stephens County, Texas","1.53 (1.03, 2.19)","-45.40 (-62.54, -18.89)","66.50 (61.30, 72.12)","43.69 (25.72, 62.79)","0.02 (0.00, 0.13)","-4.00 (-88.82, 356.59)"
48431,"Sterling County, Texas","1.08 (0.69, 1.67)","-44.73 (-63.52, -15.45)","63.71 (54.81, 73.58)","61.31 (37.02, 90.13)","0.02 (0.00, 0.10)","-23.69 (-91.04, 219.13)"
48433,"Stonewall County, Texas","1.16 (0.77, 1.71)","-45.41 (-62.30, -18.84)","67.06 (59.16, 75.75)","70.03 (46.35, 97.11)","0.02 (0.00, 0.08)","-27.38 (-88.51, 183.44)"
48435,"Sutton County, Texas","1.04 (0.69, 1.49)","-50.77 (-66.34, -26.95)","58.74 (52.03, 65.45)","25.14 (7.72, 44.87)","0.01 (0.00, 0.05)","-42.95 (-92.41, 174.10)"
48437,"Swisher County, Texas","1.27 (0.87, 1.80)","-38.02 (-57.06, -10.85)","73.16 (67.14, 79.68)","101.99 (76.21, 131.59)","0.03 (0.00, 0.13)","-31.30 (-90.09, 205.97)"
48439,"Tarrant County, Texas","1.34 (1.16, 1.62)","-34.35 (-47.25, -12.29)","57.12 (55.22, 59.41)","24.03 (17.89, 30.47)","0.01 (0.00, 0.03)","-49.15 (-88.43, 104.09)"
48441,"Taylor County, Texas","1.52 (1.17, 1.95)","-38.40 (-54.85, -16.20)","63.49 (60.52, 66.56)","53.59 (42.16, 67.11)","0.01 (0.00, 0.04)","-33.59 (-88.61, 186.99)"
48443,"Terrell County, Texas","1.48 (0.88, 2.36)","-49.07 (-67.21, -19.40)","65.90 (55.94, 76.62)","23.59 (3.04, 49.22)","0.05 (0.00, 0.35)","19.65 (-88.33, 686.54)"
48445,"Terry County, Texas","1.51 (1.04, 2.14)","-38.05 (-56.49, -12.34)","63.56 (58.40, 68.71)","68.24 (48.41, 90.50)","0.02 (0.00, 0.10)","-20.32 (-85.84, 245.75)"
48447,"Throckmorton County, Texas","1.13 (0.75, 1.64)","-46.41 (-62.29, -21.30)","56.28 (48.95, 64.44)","55.50 (33.25, 81.71)","0.03 (0.00, 0.13)","-11.45 (-89.16, 215.93)"
48449,"Titus County, Texas","1.20 (0.83, 1.69)","-42.22 (-60.47, -14.63)","68.96 (64.35, 73.46)","84.66 (64.04, 108.76)","0.03 (0.00, 0.15)","-29.23 (-93.51, 300.80)"
48451,"Tom Green County, Texas","1.36 (1.04, 1.73)","-41.76 (-56.17, -20.52)","71.36 (67.92, 74.89)","28.18 (19.06, 38.78)","0.01 (0.00, 0.03)","-46.41 (-90.85, 125.24)"
48453,"Travis County, Texas","0.87 (0.71, 1.06)","-64.01 (-72.31, -49.23)","38.89 (37.28, 40.71)","-11.51 (-16.88, -5.83)","0.00 (0.00, 0.01)","-47.79 (-86.49, 108.30)"
48455,"Trinity County, Texas","1.87 (1.30, 2.61)","-36.62 (-55.04, -9.00)","84.89 (79.48, 90.54)","106.76 (84.04, 134.06)","0.03 (0.00, 0.16)","-14.01 (-88.09, 339.75)"
48457,"Tyler County, Texas","1.12 (0.76, 1.57)","-40.86 (-59.04, -12.92)","76.72 (71.83, 82.21)","81.84 (62.16, 104.87)","0.02 (0.00, 0.12)","-40.51 (-91.98, 228.90)"
48459,"Upshur County, Texas","1.25 (0.93, 1.67)","-37.13 (-54.02, -9.11)","75.76 (71.85, 80.34)","83.74 (67.19, 102.70)","0.03 (0.00, 0.12)","-22.58 (-86.87, 266.79)"
48461,"Upton County, Texas","1.27 (0.86, 1.79)","-46.53 (-64.03, -20.21)","74.68 (66.65, 83.84)","46.51 (27.28, 70.38)","0.02 (0.00, 0.09)","-52.34 (-93.56, 113.06)"
48463,"Uvalde County, Texas","0.92 (0.65, 1.25)","-55.70 (-67.92, -36.37)","44.65 (41.47, 48.11)","13.64 (1.40, 27.47)","0.01 (0.00, 0.04)","-54.37 (-92.75, 85.42)"
48465,"Val Verde County, Texas","1.03 (0.74, 1.38)","-60.49 (-71.14, -44.28)","36.18 (33.54, 38.83)","-1.96 (-13.46, 10.97)","0.01 (0.00, 0.06)","-41.85 (-91.46, 180.85)"
48467,"Van Zandt County, Texas","0.93 (0.68, 1.26)","-44.53 (-59.86, -22.30)","77.19 (72.82, 81.39)","74.33 (58.32, 91.83)","0.02 (0.00, 0.10)","-38.31 (-91.72, 169.00)"
48469,"Victoria County, Texas","0.96 (0.72, 1.26)","-47.30 (-62.35, -25.06)","48.36 (45.73, 51.30)","37.16 (25.11, 51.65)","0.01 (0.00, 0.03)","-65.26 (-94.97, 69.62)"
48471,"Walker County, Texas","1.39 (1.05, 1.82)","-37.06 (-52.96, -11.00)","62.29 (58.54, 66.03)","75.90 (57.35, 94.43)","0.04 (0.00, 0.15)","58.08 (-74.73, 598.59)"
48473,"Waller County, Texas","1.17 (0.84, 1.61)","-57.36 (-69.06, -40.52)","47.64 (44.45, 51.04)","19.54 (6.33, 34.40)","0.02 (0.00, 0.07)","9.31 (-83.72, 424.62)"
48475,"Ward County, Texas","1.49 (1.02, 2.08)","-43.57 (-61.63, -18.48)","85.54 (78.75, 92.32)","59.61 (39.65, 81.35)","0.02 (0.00, 0.11)","-43.51 (-92.82, 162.98)"
48477,"Washington County, Texas","1.14 (0.86, 1.53)","-49.76 (-62.76, -30.58)","38.94 (36.36, 41.77)","28.04 (13.71, 44.29)","0.01 (0.00, 0.04)","-55.46 (-91.76, 98.91)"
48479,"Webb County, Texas","0.68 (0.51, 0.89)","-62.64 (-73.19, -47.50)","30.32 (28.72, 32.13)","-7.22 (-15.30, 3.49)","0.01 (0.00, 0.02)","-60.51 (-92.31, 68.61)"
48481,"Wharton County, Texas","1.43 (1.05, 1.94)","-38.11 (-55.87, -10.84)","46.06 (42.87, 49.22)","35.57 (21.10, 51.38)","0.01 (0.00, 0.03)","-52.55 (-92.09, 105.71)"
48483,"Wheeler County, Texas","1.34 (0.92, 1.90)","-29.03 (-50.39, 1.73)","98.61 (90.38, 107.27)","172.11 (142.11, 209.60)","0.01 (0.00, 0.06)","-46.79 (-92.96, 125.11)"
48485,"Wichita County, Texas","1.50 (1.15, 1.98)","-28.27 (-46.45, -0.13)","83.59 (79.73, 87.46)","123.63 (107.80, 141.51)","0.01 (0.00, 0.04)","9.67 (-81.34, 333.79)"
48487,"Wilbarger County, Texas","1.35 (0.98, 1.82)","-34.36 (-53.35, -5.62)","70.66 (65.27, 75.92)","117.76 (94.44, 146.17)","0.01 (0.00, 0.04)","-34.04 (-89.23, 160.11)"
48489,"Willacy County, Texas","0.89 (0.60, 1.27)","-51.06 (-68.14, -24.44)","32.57 (29.16, 36.22)","-12.65 (-25.26, 2.56)","0.01 (0.00, 0.08)","-64.20 (-96.96, 165.58)"
48491,"Williamson County, Texas","0.87 (0.68, 1.13)","-56.81 (-67.43, -37.78)","43.73 (41.73, 46.02)","19.01 (8.77, 29.38)","0.01 (0.00, 0.02)","-50.48 (-91.41, 102.66)"
48493,"Wilson County, Texas","0.93 (0.67, 1.25)","-52.35 (-66.45, -31.33)","50.20 (46.77, 53.56)","50.38 (33.53, 69.65)","0.01 (0.00, 0.05)","-68.84 (-95.31, 33.37)"
48495,"Winkler County, Texas","1.55 (1.00, 2.31)","-37.14 (-57.74, -6.48)","107.07 (97.72, 116.39)","115.45 (88.23, 145.75)","0.03 (0.00, 0.16)","-38.03 (-91.32, 214.97)"
48497,"Wise County, Texas","1.20 (0.89, 1.62)","-35.41 (-53.38, -7.62)","71.06 (66.97, 75.45)","87.91 (68.71, 107.99)","0.01 (0.00, 0.05)","-37.69 (-89.31, 186.29)"
48499,"Wood County, Texas","1.13 (0.85, 1.51)","-45.38 (-60.49, -22.68)","68.22 (64.66, 71.89)","62.94 (49.40, 79.37)","0.02 (0.00, 0.07)","-37.55 (-88.59, 173.80)"
48501,"Yoakum County, Texas","1.19 (0.79, 1.76)","-45.38 (-63.94, -15.07)","73.51 (66.59, 80.88)","70.65 (46.77, 97.66)","0.03 (0.00, 0.14)","-40.68 (-93.44, 181.60)"
48503,"Young County, Texas","1.74 (1.22, 2.41)","-34.59 (-53.21, -5.04)","90.64 (85.14, 96.78)","90.27 (70.52, 111.05)","0.04 (0.00, 0.18)","24.40 (-82.51, 491.42)"
48505,"Zapata County, Texas","0.73 (0.47, 1.08)","-63.90 (-76.82, -44.07)","36.33 (32.09, 40.36)","4.42 (-12.42, 23.48)","0.03 (0.00, 0.20)","-45.96 (-96.04, 251.93)"
48507,"Zavala County, Texas","0.81 (0.56, 1.10)","-60.08 (-71.80, -42.32)","31.56 (28.12, 35.31)","-4.15 (-16.75, 10.62)","0.01 (0.00, 0.05)","-49.31 (-91.92, 123.01)"
